cpu_bound,rr,1,1000,20,1,1,0.050000,0.300000,409.614000,3099,49.695698,8.021109,417.394558,395.265233
cpu_bound,rr,10,1000,20,1,1,0.050000,0.300000,320.867000,3203,69.590758,6.150239,327.194139,320.812500
cpu_bound,rr,100,1000,20,1,1,0.050000,0.300000,437.481000,3190,58.508040,8.617997,472.814815,405.006410
cpu_bound,rr,1000,1000,20,1,1,0.050000,0.300000,273.396000,3133,62.625520,5.247688,270.106227,265.067308
cpu_bound,rr,101,1000,20,1,1,0.050000,0.300000,310.126000,3150,62.063228,5.946544,327.350993,296.061538
cpu_bound,rr,102,1000,20,1,1,0.050000,0.300000,269.787000,3111,69.007931,5.332228,256.539735,272.087774
cpu_bound,rr,103,1000,20,1,1,0.050000,0.300000,401.844000,3138,60.800837,7.767328,377.006452,421.107492
cpu_bound,rr,104,1000,20,1,1,0.050000,0.300000,407.824000,3202,53.182002,7.881561,402.675585,389.718654
cpu_bound,rr,105,1000,20,1,1,0.050000,0.300000,341.659000,3187,67.288414,6.559538,347.802632,347.262774
cpu_bound,rr,106,1000,20,1,1,0.050000,0.300000,315.932000,3049,66.999187,6.340859,322.420875,315.240283
cpu_bound,rr,107,1000,20,1,1,0.050000,0.300000,304.675000,3107,54.307643,5.887115,331.895683,305.505119
cpu_bound,rr,108,1000,20,1,1,0.050000,0.300000,406.172000,3228,60.350931,7.659086,423.635514,405.537879
cpu_bound,rr,109,1000,20,1,1,0.050000,0.300000,237.735000,3064,65.839509,4.792168,251.216783,222.408163
cpu_bound,rr,11,1000,20,1,1,0.050000,0.300000,472.553000,3200,64.769430,9.073245,513.983819,458.615385
cpu_bound,rr,110,1000,20,1,1,0.050000,0.300000,500.116000,3302,67.899240,9.556147,470.581761,507.835616
cpu_bound,rr,111,1000,20,1,1,0.050000,0.300000,308.750000,3088,60.061534,6.015230,296.041139,314.451049
cpu_bound,rr,112,1000,20,1,1,0.050000,0.300000,300.399000,3148,68.364870,5.806253,291.973244,319.239726
cpu_bound,rr,113,1000,20,1,1,0.050000,0.300000,409.633000,3173,61.746793,7.878072,413.614583,413.658940
cpu_bound,rr,114,1000,20,1,1,0.050000,0.300000,523.963000,3125,66.663718,10.464875,483.411371,556.694737
cpu_bound,rr,115,1000,20,1,1,0.050000,0.300000,679.683000,3255,51.077709,12.922417,627.564460,709.198052
cpu_bound,rr,116,1000,20,1,1,0.050000,0.300000,281.435000,3140,68.223694,5.442575,283.271478,256.223301
cpu_bound,rr,117,1000,20,1,1,0.050000,0.300000,425.876000,3226,57.540183,8.265530,395.383803,443.993691
cpu_bound,rr,118,1000,20,1,1,0.050000,0.300000,414.517000,3238,65.033215,7.864111,387.137821,433.948718
cpu_bound,rr,119,1000,20,1,1,0.050000,0.300000,367.616000,3201,63.384393,6.869713,381.802048,386.352025
cpu_bound,rr,12,1000,20,1,1,0.050000,0.300000,228.510000,3016,66.053651,4.572473,240.260870,216.830508
cpu_bound,rr,120,1000,20,1,1,0.050000,0.300000,752.976000,3321,59.085217,13.728854,739.313725,754.845426
cpu_bound,rr,121,1000,20,1,1,0.050000,0.300000,422.408000,3216,54.283011,8.118678,431.622837,424.906667
cpu_bound,rr,122,1000,20,1,1,0.050000,0.300000,330.380000,3210,67.784598,6.259067,334.113208,316.770318
cpu_bound,rr,123,1000,20,1,1,0.050000,0.300000,693.279000,3223,59.372894,13.460268,698.840000,753.457237
cpu_bound,rr,124,1000,20,1,1,0.050000,0.300000,485.854000,3167,67.476739,9.425185,467.814035,491.091205
cpu_bound,rr,125,1000,20,1,1,0.050000,0.300000,389.997000,3070,63.416103,7.649597,414.440273,371.202847
cpu_bound,rr,126,1000,20,1,1,0.050000,0.300000,560.535000,3169,47.939445,10.850902,607.748408,522.476534
cpu_bound,rr,127,1000,20,1,1,0.050000,0.300000,278.728000,3161,67.640877,5.467057,277.841751,279.426056
cpu_bound,rr,128,1000,20,1,1,0.050000,0.300000,337.741000,3113,57.963073,6.652299,326.629283,359.277419
cpu_bound,rr,129,1000,20,1,1,0.050000,0.300000,356.523000,3125,61.039733,6.846390,364.479100,354.777409
cpu_bound,rr,13,1000,20,1,1,0.050000,0.300000,374.696000,3202,67.498733,7.152922,359.009494,357.108974
cpu_bound,rr,130,1000,20,1,1,0.050000,0.300000,527.732000,3211,61.087229,10.189162,525.060201,551.548822
cpu_bound,rr,131,1000,20,1,1,0.050000,0.300000,282.667000,3082,56.101516,5.438334,294.736667,270.816609
cpu_bound,rr,132,1000,20,1,1,0.050000,0.300000,304.539000,3100,65.672499,5.897207,293.306897,321.272727
cpu_bound,rr,133,1000,20,1,1,0.050000,0.300000,356.246000,3293,63.127815,6.523768,361.018750,330.197183
cpu_bound,rr,134,1000,20,1,1,0.050000,0.300000,429.801000,3300,64.836610,7.992083,406.976974,443.934028
cpu_bound,rr,135,1000,20,1,1,0.050000,0.300000,291.410000,3081,54.366547,5.983439,284.270903,290.130435
cpu_bound,rr,136,1000,20,1,1,0.050000,0.300000,754.803000,3266,57.063961,14.468475,706.117834,810.739437
cpu_bound,rr,137,1000,20,1,1,0.050000,0.300000,353.541000,3171,60.357908,6.711766,335.570957,349.082237
cpu_bound,rr,138,1000,20,1,1,0.050000,0.300000,301.067000,3122,58.321142,5.939681,294.315972,311.465116
cpu_bound,rr,139,1000,20,1,1,0.050000,0.300000,528.900000,3157,42.511171,10.340571,555.288194,483.911950
cpu_bound,rr,14,1000,20,1,1,0.050000,0.300000,484.835000,3295,54.889388,9.091914,512.326316,488.940199
cpu_bound,rr,140,1000,20,1,1,0.050000,0.300000,378.387000,3187,66.372697,7.398495,363.743682,402.120370
cpu_bound,rr,141,1000,20,1,1,0.050000,0.300000,393.496000,3186,59.226532,7.596716,415.545455,399.721154
cpu_bound,rr,142,1000,20,1,1,0.050000,0.300000,257.996000,3052,62.835957,5.135166,259.437710,251.094276
cpu_bound,rr,143,1000,20,1,1,0.050000,0.300000,285.723000,3166,68.456173,5.599639,267.423611,291.702532
cpu_bound,rr,144,1000,20,1,1,0.050000,0.300000,348.117000,3205,68.159123,6.663080,342.977492,358.171141
cpu_bound,rr,145,1000,20,1,1,0.050000,0.300000,326.731000,3121,68.020393,6.506493,318.528814,323.700965
cpu_bound,rr,146,1000,20,1,1,0.050000,0.300000,322.832000,3093,59.337402,6.385950,342.614650,336.363636
cpu_bound,rr,147,1000,20,1,1,0.050000,0.300000,480.868000,3099,53.814390,9.328373,427.184300,504.602740
cpu_bound,rr,148,1000,20,1,1,0.050000,0.300000,372.735000,3124,43.487890,7.042871,362.300971,377.376997
cpu_bound,rr,149,1000,20,1,1,0.050000,0.300000,392.379000,3195,64.432986,7.644954,389.084416,436.664360
cpu_bound,rr,15,1000,20,1,1,0.050000,0.300000,303.634000,3204,68.121036,5.820534,313.709220,302.613003
cpu_bound,rr,150,1000,20,1,1,0.050000,0.300000,336.725000,3201,59.386181,6.483854,343.922535,337.025237
cpu_bound,rr,151,1000,20,1,1,0.050000,0.300000,306.720000,2970,50.110902,6.176659,277.564103,303.829861
cpu_bound,rr,152,1000,20,1,1,0.050000,0.300000,432.440000,3184,55.455161,8.450728,421.861111,465.577181
cpu_bound,rr,153,1000,20,1,1,0.050000,0.300000,281.949000,3081,63.487880,5.606749,282.254480,296.442308
cpu_bound,rr,154,1000,20,1,1,0.050000,0.300000,299.245000,3133,59.155751,5.667473,301.960289,279.636678
cpu_bound,rr,155,1000,20,1,1,0.050000,0.300000,805.242000,3184,46.232902,16.017836,900.250774,691.986577
cpu_bound,rr,156,1000,20,1,1,0.050000,0.300000,386.432000,3094,50.604458,7.484702,383.452555,356.686335
cpu_bound,rr,157,1000,20,1,1,0.050000,0.300000,339.395000,3189,63.234535,6.498429,360.019737,336.262458
cpu_bound,rr,158,1000,20,1,1,0.050000,0.300000,214.507000,3030,70.231871,4.288561,215.859107,212.277966
cpu_bound,rr,159,1000,20,1,1,0.050000,0.300000,305.787000,3179,66.145186,5.980305,308.900344,280.468852
cpu_bound,rr,16,1000,20,1,1,0.050000,0.300000,404.386000,3065,55.185960,7.912470,396.183746,406.550676
cpu_bound,rr,160,1000,20,1,1,0.050000,0.300000,304.232000,3176,64.730545,5.622369,308.910828,305.545763
cpu_bound,rr,161,1000,20,1,1,0.050000,0.300000,353.390000,3058,57.403256,7.000426,310.701031,375.759615
cpu_bound,rr,162,1000,20,1,1,0.050000,0.300000,629.279000,3137,56.094725,12.306981,585.720690,651.023891
cpu_bound,rr,163,1000,20,1,1,0.050000,0.300000,257.530000,3096,64.196316,5.062433,243.469595,252.573427
cpu_bound,rr,164,1000,20,1,1,0.050000,0.300000,705.051000,3205,64.172239,13.870837,662.085616,778.250000
cpu_bound,rr,165,1000,20,1,1,0.050000,0.300000,385.448000,3150,57.885724,7.517858,371.359873,399.024055
cpu_bound,rr,166,1000,20,1,1,0.050000,0.300000,403.733000,3174,67.447427,7.697637,404.663333,411.070234
cpu_bound,rr,167,1000,20,1,1,0.050000,0.300000,186.079000,3023,70.181146,3.669402,197.392739,176.617021
cpu_bound,rr,168,1000,20,1,1,0.050000,0.300000,351.363000,3156,60.369725,6.911798,334.269373,356.129568
cpu_bound,rr,169,1000,20,1,1,0.050000,0.300000,299.564000,3170,67.976943,5.778789,295.112583,306.618893
cpu_bound,rr,17,1000,20,1,1,0.050000,0.300000,411.218000,3130,59.299753,7.913254,427.183391,420.592233
cpu_bound,rr,170,1000,20,1,1,0.050000,0.300000,365.921000,3203,64.628338,7.099237,373.503425,386.259615
cpu_bound,rr,171,1000,20,1,1,0.050000,0.300000,289.223000,3079,67.754675,5.665019,254.411184,292.356618
cpu_bound,rr,172,1000,20,1,1,0.050000,0.300000,715.941000,3215,58.359552,14.006129,780.996774,718.370130
cpu_bound,rr,173,1000,20,1,1,0.050000,0.300000,488.970000,3115,41.893614,9.870774,447.845118,514.213376
cpu_bound,rr,174,1000,20,1,1,0.050000,0.300000,501.735000,3169,58.395735,9.561404,483.103560,558.028125
cpu_bound,rr,175,1000,20,1,1,0.050000,0.300000,438.941000,3227,57.297023,8.564981,461.416949,437.057823
cpu_bound,rr,176,1000,20,1,1,0.050000,0.300000,400.416000,3111,60.365816,7.652797,394.260586,391.245791
cpu_bound,rr,177,1000,20,1,1,0.050000,0.300000,279.966000,3169,66.136325,5.320200,288.198606,291.900000
cpu_bound,rr,178,1000,20,1,1,0.050000,0.300000,338.046000,3115,65.756606,6.538759,350.047458,334.951613
cpu_bound,rr,179,1000,20,1,1,0.050000,0.300000,343.416000,3128,59.554599,6.689936,319.680702,336.801205
cpu_bound,rr,18,1000,20,1,1,0.050000,0.300000,342.652000,3078,63.805382,6.796819,375.347682,324.421642
cpu_bound,rr,180,1000,20,1,1,0.050000,0.300000,324.588000,3123,68.412186,6.406277,317.373702,318.831288
cpu_bound,rr,181,1000,20,1,1,0.050000,0.300000,352.252000,3113,59.210293,6.856564,349.086667,370.911111
cpu_bound,rr,182,1000,20,1,1,0.050000,0.300000,330.796000,3101,63.550093,6.596350,323.154982,363.550489
cpu_bound,rr,183,1000,20,1,1,0.050000,0.300000,372.530000,3164,58.665319,7.302456,374.200637,368.707071
cpu_bound,rr,184,1000,20,1,1,0.050000,0.300000,286.467000,3129,73.552063,5.621107,295.939394,287.107639
cpu_bound,rr,185,1000,20,1,1,0.050000,0.300000,426.659000,3193,63.385872,8.202745,427.796610,433.107383
cpu_bound,rr,186,1000,20,1,1,0.050000,0.300000,307.033000,3184,69.956410,5.985036,293.030822,295.789655
cpu_bound,rr,187,1000,20,1,1,0.050000,0.300000,331.511000,3096,50.085603,6.481357,324.750877,330.109155
cpu_bound,rr,188,1000,20,1,1,0.050000,0.300000,446.398000,3272,62.745927,8.371787,444.498403,457.127389
cpu_bound,rr,189,1000,20,1,1,0.050000,0.300000,276.238000,3174,70.226705,5.367468,263.594427,272.252708
cpu_bound,rr,19,1000,20,1,1,0.050000,0.300000,296.389000,3101,65.662297,5.858926,290.237589,305.116505
cpu_bound,rr,190,1000,20,1,1,0.050000,0.300000,625.078000,3212,56.000447,11.952816,606.090604,692.871186
cpu_bound,rr,191,1000,20,1,1,0.050000,0.300000,449.682000,3116,57.102578,8.955176,461.060811,438.415584
cpu_bound,rr,192,1000,20,1,1,0.050000,0.300000,364.578000,3174,62.072319,7.100376,358.576052,366.808219
cpu_bound,rr,193,1000,20,1,1,0.050000,0.300000,289.450000,3154,70.952702,5.639023,290.388889,284.271523
cpu_bound,rr,194,1000,20,1,1,0.050000,0.300000,372.893000,3135,68.774810,7.325149,359.228188,387.789298
cpu_bound,rr,195,1000,20,1,1,0.050000,0.300000,336.303000,3141,51.887737,6.464960,349.688811,344.308917
cpu_bound,rr,196,1000,20,1,1,0.050000,0.300000,423.888000,3210,62.900551,8.242217,426.348837,432.617647
cpu_bound,rr,197,1000,20,1,1,0.050000,0.300000,299.885000,3220,69.362619,5.828464,288.221122,303.536667
cpu_bound,rr,198,1000,20,1,1,0.050000,0.300000,268.563000,3112,62.970370,5.332087,261.057878,266.572368
cpu_bound,rr,199,1000,20,1,1,0.050000,0.300000,303.718000,3145,60.585170,5.897952,284.288079,289.510067
cpu_bound,rr,2,1000,20,1,1,0.050000,0.300000,332.074000,3049,48.774280,6.708781,362.275618,336.574534
cpu_bound,rr,20,1000,20,1,1,0.050000,0.300000,567.489000,3212,60.117517,10.861793,568.834507,565.045603
cpu_bound,rr,200,1000,20,1,1,0.050000,0.300000,810.046000,3254,58.857442,15.656528,829.521739,826.802676
cpu_bound,rr,201,1000,20,1,1,0.050000,0.300000,467.061000,3200,54.618953,9.063711,463.912409,474.016340
cpu_bound,rr,202,1000,20,1,1,0.050000,0.300000,392.306000,3163,61.986555,7.575560,397.443730,380.869718
cpu_bound,rr,203,1000,20,1,1,0.050000,0.300000,274.607000,3124,64.423050,5.461645,279.546032,277.477193
cpu_bound,rr,204,1000,20,1,1,0.050000,0.300000,520.324000,3198,60.298866,9.964777,533.713805,532.126214
cpu_bound,rr,205,1000,20,1,1,0.050000,0.300000,364.708000,3174,60.244008,6.828287,373.375000,401.013793
cpu_bound,rr,206,1000,20,1,1,0.050000,0.300000,354.211000,3172,70.054697,6.936103,356.711111,370.837456
cpu_bound,rr,207,1000,20,1,1,0.050000,0.300000,478.570000,3146,62.306541,9.313324,464.885017,505.441860
cpu_bound,rr,208,1000,20,1,1,0.050000,0.300000,310.643000,3169,71.370825,6.094020,316.161616,307.327526
cpu_bound,rr,209,1000,20,1,1,0.050000,0.300000,346.189000,3171,69.109554,6.671549,336.758170,377.159259
cpu_bound,rr,21,1000,20,1,1,0.050000,0.300000,589.616000,3298,66.933736,11.161171,601.737542,595.437710
cpu_bound,rr,210,1000,20,1,1,0.050000,0.300000,264.565000,3087,65.374011,5.192179,268.524138,272.194719
cpu_bound,rr,211,1000,20,1,1,0.050000,0.300000,313.499000,3197,63.306847,6.057030,310.057878,303.085809
cpu_bound,rr,212,1000,20,1,1,0.050000,0.300000,462.731000,3121,52.632123,8.991998,459.565657,483.171717
cpu_bound,rr,213,1000,20,1,1,0.050000,0.300000,251.481000,3038,65.287736,4.950496,262.996564,239.973597
cpu_bound,rr,214,1000,20,1,1,0.050000,0.300000,372.065000,3179,64.808229,7.174946,338.059016,399.397213
cpu_bound,rr,215,1000,20,1,1,0.050000,0.300000,438.543000,3250,66.427975,8.629278,417.561873,464.471572
cpu_bound,rr,216,1000,20,1,1,0.050000,0.300000,495.138000,3302,66.104849,9.327007,508.745875,501.380435
cpu_bound,rr,217,1000,20,1,1,0.050000,0.300000,335.885000,3101,54.073207,6.567535,337.834983,345.962838
cpu_bound,rr,218,1000,20,1,1,0.050000,0.300000,563.931000,3093,50.669268,11.075532,592.727273,565.145833
cpu_bound,rr,219,1000,20,1,1,0.050000,0.300000,344.233000,3173,63.784745,6.762423,332.958466,346.450311
cpu_bound,rr,22,1000,20,1,1,0.050000,0.300000,518.782000,3238,62.125784,10.026176,538.435897,525.480645
cpu_bound,rr,220,1000,20,1,1,0.050000,0.300000,351.805000,3066,51.774935,6.950792,350.905797,350.460000
cpu_bound,rr,221,1000,20,1,1,0.050000,0.300000,386.563000,3169,65.855233,7.613801,378.909677,411.482394
cpu_bound,rr,222,1000,20,1,1,0.050000,0.300000,343.113000,3112,60.126734,6.566469,331.309677,329.428105
cpu_bound,rr,223,1000,20,1,1,0.050000,0.300000,370.237000,3162,51.818803,7.160383,356.864407,367.287975
cpu_bound,rr,224,1000,20,1,1,0.050000,0.300000,529.191000,3169,42.426120,10.344370,566.409091,532.434932
cpu_bound,rr,225,1000,20,1,1,0.050000,0.300000,401.421000,3268,63.933201,7.371655,379.535836,398.411184
cpu_bound,rr,226,1000,20,1,1,0.050000,0.300000,287.692000,3122,68.503099,5.533834,282.520505,288.928571
cpu_bound,rr,227,1000,20,1,1,0.050000,0.300000,636.741000,3219,61.762783,12.393395,630.393443,658.588028
cpu_bound,rr,228,1000,20,1,1,0.050000,0.300000,512.249000,3190,57.145663,9.879943,552.046729,482.669967
cpu_bound,rr,229,1000,20,1,1,0.050000,0.300000,361.856000,3154,63.312873,6.937832,373.473684,362.377358
cpu_bound,rr,23,1000,20,1,1,0.050000,0.300000,566.946000,3108,56.240976,11.180832,514.571875,541.525597
cpu_bound,rr,230,1000,20,1,1,0.050000,0.300000,237.944000,3073,69.374714,4.643574,235.226667,257.976109
cpu_bound,rr,231,1000,20,1,1,0.050000,0.300000,262.820000,3176,66.103826,5.038758,254.896970,265.552083
cpu_bound,rr,232,1000,20,1,1,0.050000,0.300000,279.172000,3117,60.283446,5.516699,290.875912,285.996587
cpu_bound,rr,233,1000,20,1,1,0.050000,0.300000,213.696000,3082,72.591033,4.207304,203.187702,220.598039
cpu_bound,rr,234,1000,20,1,1,0.050000,0.300000,486.266000,3173,46.024141,9.542502,463.778157,522.185811
cpu_bound,rr,235,1000,20,1,1,0.050000,0.300000,249.968000,3146,67.615331,4.826222,243.585284,261.718519
cpu_bound,rr,236,1000,20,1,1,0.050000,0.300000,430.858000,3222,65.711602,8.309084,457.806557,405.396610
cpu_bound,rr,237,1000,20,1,1,0.050000,0.300000,439.537000,3163,58.946571,8.565691,435.763158,462.612319
cpu_bound,rr,238,1000,20,1,1,0.050000,0.300000,496.493000,3156,64.187831,9.822489,477.175676,492.174312
cpu_bound,rr,239,1000,20,1,1,0.050000,0.300000,398.489000,3215,60.810865,7.615827,428.160142,401.635514
cpu_bound,rr,24,1000,20,1,1,0.050000,0.300000,460.392000,3122,57.710217,8.758637,395.395189,481.048387
cpu_bound,rr,240,1000,20,1,1,0.050000,0.300000,632.364000,3218,60.853407,12.023470,691.059801,644.813505
cpu_bound,rr,241,1000,20,1,1,0.050000,0.300000,279.499000,3067,65.755848,5.545542,285.295302,295.818482
cpu_bound,rr,242,1000,20,1,1,0.050000,0.300000,275.526000,3099,65.398851,5.430092,277.000000,271.731034
cpu_bound,rr,243,1000,20,1,1,0.050000,0.300000,230.534000,2993,62.419565,4.481652,235.127389,228.888889
cpu_bound,rr,244,1000,20,1,1,0.050000,0.300000,313.373000,3120,62.546139,6.129587,335.993056,308.172524
cpu_bound,rr,245,1000,20,1,1,0.050000,0.300000,363.169000,3191,66.334717,7.070555,360.498305,349.763975
cpu_bound,rr,246,1000,20,1,1,0.050000,0.300000,259.933000,3078,65.789789,5.008265,282.276094,230.048387
cpu_bound,rr,247,1000,20,1,1,0.050000,0.300000,349.127000,3154,61.946733,6.704269,348.902439,395.266892
cpu_bound,rr,248,1000,20,1,1,0.050000,0.300000,336.996000,3152,67.486647,6.651527,329.967742,353.188356
cpu_bound,rr,249,1000,20,1,1,0.050000,0.300000,527.266000,3176,61.830679,10.321979,525.904605,510.518900
cpu_bound,rr,25,1000,20,1,1,0.050000,0.300000,523.536000,3222,64.737474,9.932561,490.458472,541.565517
cpu_bound,rr,250,1000,20,1,1,0.050000,0.300000,346.659000,3203,66.607635,6.543434,339.316667,354.071672
cpu_bound,rr,251,1000,20,1,1,0.050000,0.300000,505.058000,3157,50.085348,9.609205,474.788396,514.527778
cpu_bound,rr,252,1000,20,1,1,0.050000,0.300000,391.162000,3185,60.684572,7.497250,392.687097,382.589831
cpu_bound,rr,253,1000,20,1,1,0.050000,0.300000,368.874000,3211,60.391581,6.855501,321.081433,387.541667
cpu_bound,rr,254,1000,20,1,1,0.050000,0.300000,319.290000,3076,53.426565,6.266912,329.562092,324.878229
cpu_bound,rr,255,1000,20,1,1,0.050000,0.300000,322.303000,3206,64.590228,6.170592,321.050336,331.557632
cpu_bound,rr,256,1000,20,1,1,0.050000,0.300000,359.477000,3215,62.764974,6.864266,340.274194,362.027397
cpu_bound,rr,257,1000,20,1,1,0.050000,0.300000,428.682000,3222,61.521973,8.334722,427.442568,417.185304
cpu_bound,rr,258,1000,20,1,1,0.050000,0.300000,944.320000,3252,54.809328,18.208034,986.531148,886.890845
cpu_bound,rr,259,1000,20,1,1,0.050000,0.300000,495.491000,3217,68.787668,9.571662,459.196013,534.761246
cpu_bound,rr,26,1000,20,1,1,0.050000,0.300000,405.196000,3190,60.974657,7.822437,420.522293,385.754647
cpu_bound,rr,260,1000,20,1,1,0.050000,0.300000,367.842000,3311,67.577054,6.940158,381.193443,364.408360
cpu_bound,rr,261,1000,20,1,1,0.050000,0.300000,376.287000,3169,63.725137,7.081908,409.905405,370.771242
cpu_bound,rr,262,1000,20,1,1,0.050000,0.300000,288.904000,3210,64.588640,5.501004,285.006944,309.840000
cpu_bound,rr,263,1000,20,1,1,0.050000,0.300000,446.379000,3205,51.177998,8.621086,458.388379,438.967949
cpu_bound,rr,264,1000,20,1,1,0.050000,0.300000,985.678000,3227,52.958614,18.680471,1057.283154,976.073394
cpu_bound,rr,265,1000,20,1,1,0.050000,0.300000,309.394000,3211,64.110307,5.863269,280.355634,312.275081
cpu_bound,rr,266,1000,20,1,1,0.050000,0.300000,356.696000,3158,63.049195,7.053476,316.391586,374.029316
cpu_bound,rr,267,1000,20,1,1,0.050000,0.300000,369.910000,3220,69.149476,7.093029,357.107527,384.452830
cpu_bound,rr,268,1000,20,1,1,0.050000,0.300000,324.541000,3147,61.630260,6.241111,311.950617,307.695502
cpu_bound,rr,269,1000,20,1,1,0.050000,0.300000,279.042000,3064,63.601287,5.389241,287.297203,276.397993
cpu_bound,rr,27,1000,20,1,1,0.050000,0.300000,346.629000,3171,65.357423,6.627123,340.616314,359.249110
cpu_bound,rr,270,1000,20,1,1,0.050000,0.300000,309.956000,3110,57.460054,6.065277,307.820423,359.457516
cpu_bound,rr,271,1000,20,1,1,0.050000,0.300000,303.974000,3184,67.754180,5.760139,301.468750,292.271845
cpu_bound,rr,272,1000,20,1,1,0.050000,0.300000,379.066000,3254,64.641333,7.103106,379.000000,394.451505
cpu_bound,rr,273,1000,20,1,1,0.050000,0.300000,517.975000,3247,63.814140,9.933004,538.902280,529.653333
cpu_bound,rr,274,1000,20,1,1,0.050000,0.300000,433.293000,3176,61.458013,8.484718,447.732852,402.397306
cpu_bound,rr,275,1000,20,1,1,0.050000,0.300000,695.811000,3216,53.787031,13.340232,648.626623,731.339161
cpu_bound,rr,276,1000,20,1,1,0.050000,0.300000,272.051000,3127,61.575694,5.228327,229.037162,287.700306
cpu_bound,rr,277,1000,20,1,1,0.050000,0.300000,764.836000,3244,76.598609,15.016158,756.695522,765.679443
cpu_bound,rr,278,1000,20,1,1,0.050000,0.300000,470.658000,3202,43.130165,8.702203,470.471014,507.758389
cpu_bound,rr,279,1000,20,1,1,0.050000,0.300000,315.849000,3133,70.041241,6.338985,316.000000,313.218462
cpu_bound,rr,28,1000,20,1,1,0.050000,0.300000,417.614000,3159,59.223011,8.161657,402.909091,427.665517
cpu_bound,rr,280,1000,20,1,1,0.050000,0.300000,357.751000,2999,40.475379,7.083877,344.788927,384.850610
cpu_bound,rr,281,1000,20,1,1,0.050000,0.300000,376.326000,3276,66.268125,6.977686,380.519108,374.496622
cpu_bound,rr,282,1000,20,1,1,0.050000,0.300000,427.160000,3099,43.429472,8.170506,406.958621,418.715232
cpu_bound,rr,283,1000,20,1,1,0.050000,0.300000,756.758000,3244,60.796255,14.318781,816.954545,743.601307
cpu_bound,rr,284,1000,20,1,1,0.050000,0.300000,309.711000,3094,59.228849,5.989942,314.035587,314.569966
cpu_bound,rr,285,1000,20,1,1,0.050000,0.300000,367.493000,3149,51.574388,7.194752,377.065292,347.884746
cpu_bound,rr,286,1000,20,1,1,0.050000,0.300000,272.194000,3074,58.803868,5.358972,254.140575,289.114583
cpu_bound,rr,287,1000,20,1,1,0.050000,0.300000,328.221000,3089,54.602449,6.359210,321.120438,344.520548
cpu_bound,rr,288,1000,20,1,1,0.050000,0.300000,505.972000,3128,47.866117,9.951208,461.024561,587.665541
cpu_bound,rr,289,1000,20,1,1,0.050000,0.300000,397.011000,3176,68.787855,7.766134,376.898413,413.615942
cpu_bound,rr,29,1000,20,1,1,0.050000,0.300000,265.490000,3061,67.051260,5.382043,255.594684,278.519355
cpu_bound,rr,290,1000,20,1,1,0.050000,0.300000,428.309000,3134,66.606074,8.535074,418.855305,414.355932
cpu_bound,rr,291,1000,20,1,1,0.050000,0.300000,395.788000,3193,64.772757,7.688237,367.470948,403.354244
cpu_bound,rr,292,1000,20,1,1,0.050000,0.300000,357.682000,3149,64.151346,6.992740,343.466192,364.096970
cpu_bound,rr,293,1000,20,1,1,0.050000,0.300000,292.793000,3054,57.755440,5.774044,278.480000,307.010204
cpu_bound,rr,294,1000,20,1,1,0.050000,0.300000,493.422000,3235,63.085076,9.166769,476.378007,522.514469
cpu_bound,rr,295,1000,20,1,1,0.050000,0.300000,318.544000,3069,59.200029,6.348719,310.700326,340.475694
cpu_bound,rr,296,1000,20,1,1,0.050000,0.300000,288.858000,3187,65.863541,5.540506,298.859016,290.615646
cpu_bound,rr,297,1000,20,1,1,0.050000,0.300000,293.011000,3121,62.534000,5.675657,281.525253,302.053628
cpu_bound,rr,298,1000,20,1,1,0.050000,0.300000,573.064000,3197,65.832051,11.134370,554.288344,596.308475
cpu_bound,rr,299,1000,20,1,1,0.050000,0.300000,392.509000,3048,50.745733,7.805083,375.466454,425.054237
cpu_bound,rr,3,1000,20,1,1,0.050000,0.300000,229.825000,3006,65.187152,4.589947,244.326154,226.387681
cpu_bound,rr,30,1000,20,1,1,0.050000,0.300000,328.237000,3087,58.792701,6.475163,331.199248,328.921630
cpu_bound,rr,300,1000,20,1,1,0.050000,0.300000,282.249000,3161,59.750510,5.561163,280.846154,291.173203
cpu_bound,rr,301,1000,20,1,1,0.050000,0.300000,355.481000,3159,57.642903,6.943334,336.461538,344.252492
cpu_bound,rr,302,1000,20,1,1,0.050000,0.300000,446.214000,3217,65.071310,8.657246,410.706081,449.583851
cpu_bound,rr,303,1000,20,1,1,0.050000,0.300000,267.161000,3094,68.463762,5.359913,254.213287,295.075949
cpu_bound,rr,304,1000,20,1,1,0.050000,0.300000,302.050000,3144,60.318872,5.886030,311.154098,286.370107
cpu_bound,rr,305,1000,20,1,1,0.050000,0.300000,251.616000,3134,67.202398,4.893149,238.569930,267.965157
cpu_bound,rr,306,1000,20,1,1,0.050000,0.300000,331.624000,3049,61.766097,6.507270,332.534296,334.756329
cpu_bound,rr,307,1000,20,1,1,0.050000,0.300000,336.782000,3188,70.031240,6.605207,355.156364,335.603226
cpu_bound,rr,308,1000,20,1,1,0.050000,0.300000,498.002000,3149,59.212046,9.770292,502.438538,482.782051
cpu_bound,rr,309,1000,20,1,1,0.050000,0.300000,375.558000,3146,59.254284,7.399500,371.006557,374.408304
cpu_bound,rr,31,1000,20,1,1,0.050000,0.300000,345.029000,3208,63.096379,6.741461,330.831169,358.852564
cpu_bound,rr,310,1000,20,1,1,0.050000,0.300000,358.102000,3099,55.275524,7.015999,338.183280,349.823729
cpu_bound,rr,311,1000,20,1,1,0.050000,0.300000,279.537000,3139,65.447513,5.457292,287.920290,280.243506
cpu_bound,rr,312,1000,20,1,1,0.050000,0.300000,461.377000,3147,66.494670,9.172546,422.391892,478.842623
cpu_bound,rr,313,1000,20,1,1,0.050000,0.300000,276.660000,3165,66.405401,5.417845,286.675676,259.261905
cpu_bound,rr,314,1000,20,1,1,0.050000,0.300000,346.283000,3048,60.549998,6.780949,329.330189,353.801282
cpu_bound,rr,315,1000,20,1,1,0.050000,0.300000,238.542000,3005,61.516513,4.746589,234.217391,245.608414
cpu_bound,rr,316,1000,20,1,1,0.050000,0.300000,345.019000,3127,59.734664,6.702796,356.881410,345.880259
cpu_bound,rr,317,1000,20,1,1,0.050000,0.300000,817.510000,3276,62.051774,15.669290,875.667712,818.003390
cpu_bound,rr,318,1000,20,1,1,0.050000,0.300000,325.009000,3102,62.184010,6.384490,315.407643,319.158940
cpu_bound,rr,319,1000,20,1,1,0.050000,0.300000,423.491000,3167,55.627444,8.086823,404.268293,439.273885
cpu_bound,rr,32,1000,20,1,1,0.050000,0.300000,365.544000,3120,55.095823,7.182709,376.354515,360.877551
cpu_bound,rr,320,1000,20,1,1,0.050000,0.300000,332.346000,3114,61.979157,6.392728,309.678322,335.862295
cpu_bound,rr,321,1000,20,1,1,0.050000,0.300000,261.255000,3097,68.893665,5.161292,251.262136,248.188153
cpu_bound,rr,322,1000,20,1,1,0.050000,0.300000,397.106000,3250,73.109203,7.689028,388.226415,374.037801
cpu_bound,rr,323,1000,20,1,1,0.050000,0.300000,409.058000,3108,51.525520,7.963974,334.935018,442.440397
cpu_bound,rr,324,1000,20,1,1,0.050000,0.300000,248.174000,3037,62.421443,4.969418,226.485149,247.043333
cpu_bound,rr,325,1000,20,1,1,0.050000,0.300000,456.895000,3144,55.814685,9.002072,480.885714,426.937500
cpu_bound,rr,326,1000,20,1,1,0.050000,0.300000,427.481000,3067,61.454532,8.425471,406.256055,431.845638
cpu_bound,rr,327,1000,20,1,1,0.050000,0.300000,779.527000,3239,46.634648,14.343013,749.013158,862.816949
cpu_bound,rr,328,1000,20,1,1,0.050000,0.300000,295.942000,3176,66.271147,5.594698,299.003472,279.480969
cpu_bound,rr,329,1000,20,1,1,0.050000,0.300000,535.528000,3295,66.493472,10.140386,566.694079,511.144781
cpu_bound,rr,33,1000,20,1,1,0.050000,0.300000,514.744000,3200,64.059393,9.800995,521.149007,500.932862
cpu_bound,rr,330,1000,20,1,1,0.050000,0.300000,290.500000,3094,62.786644,5.700907,272.022508,307.278169
cpu_bound,rr,331,1000,20,1,1,0.050000,0.300000,673.247000,3246,60.542428,13.069365,724.031915,683.582237
cpu_bound,rr,332,1000,20,1,1,0.050000,0.300000,267.084000,3112,64.407200,5.247506,285.843866,264.644172
cpu_bound,rr,333,1000,20,1,1,0.050000,0.300000,415.372000,3116,60.490470,8.377509,413.325342,450.950178
cpu_bound,rr,334,1000,20,1,1,0.050000,0.300000,313.102000,3058,61.387539,6.046556,269.160410,350.498413
cpu_bound,rr,335,1000,20,1,1,0.050000,0.300000,301.881000,3102,66.056750,5.809123,312.838583,299.972561
cpu_bound,rr,336,1000,20,1,1,0.050000,0.300000,515.515000,3219,70.577189,10.166471,517.553030,506.331325
cpu_bound,rr,337,1000,20,1,1,0.050000,0.300000,515.415000,3188,58.990530,10.501859,496.237931,533.977778
cpu_bound,rr,338,1000,20,1,1,0.050000,0.300000,351.159000,3193,71.826968,6.948775,335.755627,378.585714
cpu_bound,rr,339,1000,20,1,1,0.050000,0.300000,358.276000,3176,70.810853,6.975235,370.810169,350.875758
cpu_bound,rr,34,1000,20,1,1,0.050000,0.300000,351.258000,3198,60.113362,6.701335,361.899351,333.969072
cpu_bound,rr,340,1000,20,1,1,0.050000,0.300000,316.394000,3102,58.948641,6.178345,294.473154,320.271523
cpu_bound,rr,341,1000,20,1,1,0.050000,0.300000,220.069000,3040,66.461357,4.400299,211.247350,207.376206
cpu_bound,rr,342,1000,20,1,1,0.050000,0.300000,438.072000,3153,58.295828,8.439414,459.276667,433.168317
cpu_bound,rr,343,1000,20,1,1,0.050000,0.300000,431.095000,3241,67.238738,8.484787,476.828767,419.568562
cpu_bound,rr,344,1000,20,1,1,0.050000,0.300000,266.241000,3096,64.573659,5.162251,251.631922,261.707071
cpu_bound,rr,345,1000,20,1,1,0.050000,0.300000,792.513000,3274,57.060118,15.488825,783.798701,781.756849
cpu_bound,rr,346,1000,20,1,1,0.050000,0.300000,298.866000,3103,59.297124,5.702885,303.525000,314.300699
cpu_bound,rr,347,1000,20,1,1,0.050000,0.300000,364.239000,3136,62.312035,7.118636,362.854839,370.272414
cpu_bound,rr,348,1000,20,1,1,0.050000,0.300000,291.709000,3056,65.319089,5.823185,287.006289,285.431746
cpu_bound,rr,349,1000,20,1,1,0.050000,0.300000,460.239000,3138,58.761359,8.970259,470.863636,430.725552
cpu_bound,rr,35,1000,20,1,1,0.050000,0.300000,692.244000,3231,52.774359,13.307054,726.560748,706.626298
cpu_bound,rr,350,1000,20,1,1,0.050000,0.300000,418.804000,3180,61.596525,7.978190,412.776173,406.383607
cpu_bound,rr,351,1000,20,1,1,0.050000,0.300000,324.429000,3084,63.421017,6.418148,335.242902,307.875000
cpu_bound,rr,352,1000,20,1,1,0.050000,0.300000,293.874000,3015,47.431399,5.902936,284.729730,307.832787
cpu_bound,rr,353,1000,20,1,1,0.050000,0.300000,259.793000,3085,59.152093,5.226756,251.124567,268.745223
cpu_bound,rr,354,1000,20,1,1,0.050000,0.300000,433.482000,3182,59.053768,8.458076,434.028213,430.464164
cpu_bound,rr,355,1000,20,1,1,0.050000,0.300000,439.770000,3223,69.553503,8.400439,445.269373,462.712375
cpu_bound,rr,356,1000,20,1,1,0.050000,0.300000,315.890000,3109,64.514210,6.288760,307.748322,325.472669
cpu_bound,rr,357,1000,20,1,1,0.050000,0.300000,382.760000,3232,62.918254,7.316979,397.910217,402.062914
cpu_bound,rr,358,1000,20,1,1,0.050000,0.300000,287.852000,3213,69.159266,5.543818,271.480392,304.372760
cpu_bound,rr,359,1000,20,1,1,0.050000,0.300000,530.513000,3240,66.040263,10.121759,534.880866,502.126667
cpu_bound,rr,36,1000,20,1,1,0.050000,0.300000,449.833000,3147,53.850709,8.806975,458.539432,411.941980
cpu_bound,rr,360,1000,20,1,1,0.050000,0.300000,304.339000,3100,59.338609,6.056260,294.669903,311.562914
cpu_bound,rr,361,1000,20,1,1,0.050000,0.300000,526.774000,3284,71.148456,10.243208,561.451049,530.922222
cpu_bound,rr,362,1000,20,1,1,0.050000,0.300000,324.862000,3087,59.952856,6.511355,333.237179,323.879433
cpu_bound,rr,363,1000,20,1,1,0.050000,0.300000,373.389000,3175,59.079893,7.161170,373.669065,349.703704
cpu_bound,rr,364,1000,20,1,1,0.050000,0.300000,283.467000,3015,57.831789,5.688231,285.268966,277.825806
cpu_bound,rr,365,1000,20,1,1,0.050000,0.300000,315.753000,3224,66.283940,6.082435,309.776952,342.088235
cpu_bound,rr,366,1000,20,1,1,0.050000,0.300000,968.736000,3320,66.628901,18.671243,1003.446367,921.394410
cpu_bound,rr,367,1000,20,1,1,0.050000,0.300000,476.486000,3193,61.885193,9.263351,449.975155,505.496350
cpu_bound,rr,368,1000,20,1,1,0.050000,0.300000,394.787000,3178,72.784827,7.625567,366.662295,398.600719
cpu_bound,rr,369,1000,20,1,1,0.050000,0.300000,273.121000,3162,58.321533,5.223255,259.594796,293.033951
cpu_bound,rr,37,1000,20,1,1,0.050000,0.300000,332.694000,3115,53.349159,6.384804,330.287834,346.913907
cpu_bound,rr,370,1000,20,1,1,0.050000,0.300000,551.767000,3198,61.334237,10.493113,592.913183,540.388889
cpu_bound,rr,371,1000,20,1,1,0.050000,0.300000,652.849000,3260,60.650220,12.433471,628.650847,677.676471
cpu_bound,rr,372,1000,20,1,1,0.050000,0.300000,260.333000,3087,70.656395,5.149932,252.410774,274.663230
cpu_bound,rr,373,1000,20,1,1,0.050000,0.300000,203.223000,3095,73.077541,3.968895,217.416393,184.738710
cpu_bound,rr,374,1000,20,1,1,0.050000,0.300000,216.455000,3108,64.035396,4.078175,211.568562,215.510067
cpu_bound,rr,375,1000,20,1,1,0.050000,0.300000,798.428000,3219,59.076163,15.501568,817.480769,788.187291
cpu_bound,rr,376,1000,20,1,1,0.050000,0.300000,333.614000,3097,61.235080,6.601206,329.194444,341.813115
cpu_bound,rr,377,1000,20,1,1,0.050000,0.300000,358.094000,3133,54.895452,6.969010,362.087108,337.996700
cpu_bound,rr,378,1000,20,1,1,0.050000,0.300000,474.505000,3275,53.095198,9.256155,483.097403,462.239437
cpu_bound,rr,379,1000,20,1,1,0.050000,0.300000,384.224000,3160,65.228069,7.583254,391.926752,375.020339
cpu_bound,rr,38,1000,20,1,1,0.050000,0.300000,401.578000,3156,64.016988,8.059613,383.577320,372.683706
cpu_bound,rr,380,1000,20,1,1,0.050000,0.300000,215.388000,3088,68.396600,4.211286,216.545151,203.454861
cpu_bound,rr,381,1000,20,1,1,0.050000,0.300000,816.120000,3136,53.016416,16.069117,893.896797,751.202492
cpu_bound,rr,382,1000,20,1,1,0.050000,0.300000,820.230000,3316,68.031249,15.388846,786.107843,795.058442
cpu_bound,rr,383,1000,20,1,1,0.050000,0.300000,372.627000,3209,65.104043,7.341502,359.755224,380.061688
cpu_bound,rr,384,1000,20,1,1,0.050000,0.300000,316.134000,3166,62.785319,6.128593,321.347518,303.931677
cpu_bound,rr,385,1000,20,1,1,0.050000,0.300000,605.782000,3237,63.538141,11.569725,557.413907,690.498392
cpu_bound,rr,386,1000,20,1,1,0.050000,0.300000,523.950000,3173,58.945865,10.168146,525.028125,511.835714
cpu_bound,rr,387,1000,20,1,1,0.050000,0.300000,569.986000,3241,52.696657,10.915187,481.209386,601.498392
cpu_bound,rr,388,1000,20,1,1,0.050000,0.300000,431.359000,3213,55.558418,7.953865,440.918728,429.317881
cpu_bound,rr,389,1000,20,1,1,0.050000,0.300000,455.676000,3145,59.084358,8.912172,458.876190,482.043919
cpu_bound,rr,39,1000,20,1,1,0.050000,0.300000,421.522000,3181,60.433751,8.050649,441.864952,377.446429
cpu_bound,rr,390,1000,20,1,1,0.050000,0.300000,390.760000,3201,56.251160,7.419853,406.927393,387.822430
cpu_bound,rr,391,1000,20,1,1,0.050000,0.300000,408.702000,3131,62.948829,8.024469,432.168966,406.980831
cpu_bound,rr,392,1000,20,1,1,0.050000,0.300000,444.050000,3222,61.859050,8.359809,471.501629,429.734694
cpu_bound,rr,393,1000,20,1,1,0.050000,0.300000,572.760000,3209,52.505636,10.895779,577.751773,572.069277
cpu_bound,rr,394,1000,20,1,1,0.050000,0.300000,373.765000,3233,62.559329,7.066739,385.184300,359.066456
cpu_bound,rr,395,1000,20,1,1,0.050000,0.300000,315.953000,3106,62.988449,6.199833,309.571875,338.551020
cpu_bound,rr,396,1000,20,1,1,0.050000,0.300000,475.424000,3229,60.688000,9.401838,493.017544,470.575188
cpu_bound,rr,397,1000,20,1,1,0.050000,0.300000,309.274000,3191,64.263554,5.948700,325.144295,294.136364
cpu_bound,rr,398,1000,20,1,1,0.050000,0.300000,339.650000,3028,60.503439,6.732518,366.846154,311.140940
cpu_bound,rr,399,1000,20,1,1,0.050000,0.300000,313.790000,3169,57.340640,6.044082,311.162162,280.899654
cpu_bound,rr,4,1000,20,1,1,0.050000,0.300000,690.094000,3274,62.075733,13.431531,682.580858,659.047458
cpu_bound,rr,40,1000,20,1,1,0.050000,0.300000,481.293000,3157,67.259754,9.352138,462.686411,468.544262
cpu_bound,rr,400,1000,20,1,1,0.050000,0.300000,222.536000,3027,71.221046,4.453853,227.286624,227.790541
cpu_bound,rr,401,1000,20,1,1,0.050000,0.300000,364.701000,3146,67.790651,7.250916,378.877551,338.238754
cpu_bound,rr,402,1000,20,1,1,0.050000,0.300000,356.616000,3178,62.460520,7.072491,362.996732,350.855346
cpu_bound,rr,403,1000,20,1,1,0.050000,0.300000,369.338000,3096,57.437099,7.257269,362.314189,401.132013
cpu_bound,rr,404,1000,20,1,1,0.050000,0.300000,349.636000,3078,58.952689,6.990928,324.993007,348.550633
cpu_bound,rr,405,1000,20,1,1,0.050000,0.300000,453.569000,3199,67.089516,8.814130,430.891986,467.559322
cpu_bound,rr,406,1000,20,1,1,0.050000,0.300000,492.906000,3185,53.846373,9.438629,508.330128,468.784247
cpu_bound,rr,407,1000,20,1,1,0.050000,0.300000,315.130000,3043,64.463136,6.124806,329.475694,300.671233
cpu_bound,rr,408,1000,20,1,1,0.050000,0.300000,405.005000,3108,62.332319,7.767418,390.371795,408.684982
cpu_bound,rr,409,1000,20,1,1,0.050000,0.300000,301.468000,3090,56.885862,6.040598,285.258865,302.304615
cpu_bound,rr,41,1000,20,1,1,0.050000,0.300000,202.592000,3098,71.096078,3.963825,208.089457,192.785714
cpu_bound,rr,410,1000,20,1,1,0.050000,0.300000,333.576000,3192,61.076415,6.367264,333.298969,326.277592
cpu_bound,rr,411,1000,20,1,1,0.050000,0.300000,481.514000,3201,50.347323,9.218407,465.514107,497.287162
cpu_bound,rr,412,1000,20,1,1,0.050000,0.300000,376.406000,3029,44.756903,7.527462,371.833333,398.094915
cpu_bound,rr,413,1000,20,1,1,0.050000,0.300000,294.944000,3134,69.742306,5.811861,293.031949,303.567474
cpu_bound,rr,414,1000,20,1,1,0.050000,0.300000,479.777000,3164,50.922818,9.216868,445.031915,480.463023
cpu_bound,rr,415,1000,20,1,1,0.050000,0.300000,322.763000,3091,53.141783,6.396339,329.915541,341.553265
cpu_bound,rr,416,1000,20,1,1,0.050000,0.300000,461.052000,3240,60.505704,8.664829,478.729904,442.904290
cpu_bound,rr,417,1000,20,1,1,0.050000,0.300000,304.453000,3102,67.652039,6.067720,294.610561,307.430976
cpu_bound,rr,418,1000,20,1,1,0.050000,0.300000,264.675000,3031,64.700425,5.185865,262.504950,269.448387
cpu_bound,rr,419,1000,20,1,1,0.050000,0.300000,630.452000,3235,70.714926,12.206919,639.896552,600.947917
cpu_bound,rr,42,1000,20,1,1,0.050000,0.300000,465.177000,3182,59.434517,8.794888,458.370748,451.373041
cpu_bound,rr,420,1000,20,1,1,0.050000,0.300000,304.675000,3118,62.825158,6.069307,302.535604,290.419580
cpu_bound,rr,421,1000,20,1,1,0.050000,0.300000,381.934000,3138,50.370055,7.446022,381.485050,374.777778
cpu_bound,rr,422,1000,20,1,1,0.050000,0.300000,573.502000,3161,61.431852,11.244041,595.144876,587.084795
cpu_bound,rr,423,1000,20,1,1,0.050000,0.300000,407.026000,3164,62.216994,8.083930,391.396285,413.406452
cpu_bound,rr,424,1000,20,1,1,0.050000,0.300000,304.702000,3215,61.996925,5.742462,301.518900,291.271429
cpu_bound,rr,425,1000,20,1,1,0.050000,0.300000,533.678000,3256,67.712795,10.527518,540.177258,548.451827
cpu_bound,rr,426,1000,20,1,1,0.050000,0.300000,239.153000,3089,62.848410,4.682950,234.582278,240.950769
cpu_bound,rr,427,1000,20,1,1,0.050000,0.300000,783.384000,3292,61.829900,14.604660,771.553746,786.174061
cpu_bound,rr,428,1000,20,1,1,0.050000,0.300000,345.061000,3122,60.846751,6.895469,331.133758,357.947552
cpu_bound,rr,429,1000,20,1,1,0.050000,0.300000,500.381000,3168,55.932792,9.725265,465.773381,499.283951
cpu_bound,rr,43,1000,20,1,1,0.050000,0.300000,317.900000,3095,62.576949,6.344995,321.654952,290.036364
cpu_bound,rr,430,1000,20,1,1,0.050000,0.300000,304.439000,3113,63.753165,6.022676,297.897106,308.315412
cpu_bound,rr,431,1000,20,1,1,0.050000,0.300000,261.362000,3080,64.919257,5.052428,252.877551,261.225490
cpu_bound,rr,432,1000,20,1,1,0.050000,0.300000,496.866000,3218,68.231346,9.664576,508.139860,499.006667
cpu_bound,rr,433,1000,20,1,1,0.050000,0.300000,341.403000,3137,66.077857,6.801615,349.461039,336.010453
cpu_bound,rr,434,1000,20,1,1,0.050000,0.300000,499.341000,3164,50.829718,9.776289,554.874150,499.665595
cpu_bound,rr,435,1000,20,1,1,0.050000,0.300000,350.416000,3248,60.053263,6.703042,344.996689,349.491582
cpu_bound,rr,436,1000,20,1,1,0.050000,0.300000,579.046000,3239,61.474973,11.154128,584.847403,583.250814
cpu_bound,rr,437,1000,20,1,1,0.050000,0.300000,361.187000,3220,67.638931,7.055244,339.707792,353.565972
cpu_bound,rr,438,1000,20,1,1,0.050000,0.300000,394.238000,3170,58.175427,7.729659,399.877076,393.716364
cpu_bound,rr,439,1000,20,1,1,0.050000,0.300000,428.302000,3097,62.221489,8.352827,401.255892,420.303333
cpu_bound,rr,44,1000,20,1,1,0.050000,0.300000,297.175000,3169,71.739104,5.848969,283.044068,308.993220
cpu_bound,rr,440,1000,20,1,1,0.050000,0.300000,587.151000,3324,62.329297,10.938399,610.774510,563.443730
cpu_bound,rr,441,1000,20,1,1,0.050000,0.300000,317.333000,3095,56.694414,6.183974,331.447458,313.876254
cpu_bound,rr,442,1000,20,1,1,0.050000,0.300000,403.497000,3239,61.900052,7.793573,422.040678,384.044304
cpu_bound,rr,443,1000,20,1,1,0.050000,0.300000,407.288000,3156,65.921904,7.983937,400.287671,396.011278
cpu_bound,rr,444,1000,20,1,1,0.050000,0.300000,493.502000,3167,50.180968,9.674954,512.885417,478.548673
cpu_bound,rr,445,1000,20,1,1,0.050000,0.300000,457.496000,3170,63.618634,8.898632,498.446254,451.927336
cpu_bound,rr,446,1000,20,1,1,0.050000,0.300000,299.761000,3174,71.656816,5.756286,297.878893,313.019868
cpu_bound,rr,447,1000,20,1,1,0.050000,0.300000,309.376000,3125,58.989965,5.972231,325.146875,332.492857
cpu_bound,rr,448,1000,20,1,1,0.050000,0.300000,300.471000,3113,70.891414,5.918845,284.208791,300.876712
cpu_bound,rr,449,1000,20,1,1,0.050000,0.300000,1551.527000,3362,64.859662,29.365367,1455.650519,1556.645695
cpu_bound,rr,45,1000,20,1,1,0.050000,0.300000,304.987000,3163,56.941647,6.014044,299.768966,289.521452
cpu_bound,rr,450,1000,20,1,1,0.050000,0.300000,356.391000,3194,55.664270,6.751905,375.890728,361.076220
cpu_bound,rr,451,1000,20,1,1,0.050000,0.300000,268.030000,3177,68.391712,5.054971,266.777090,267.668919
cpu_bound,rr,452,1000,20,1,1,0.050000,0.300000,312.063000,2992,54.217249,6.131009,311.493827,319.833910
cpu_bound,rr,453,1000,20,1,1,0.050000,0.300000,237.269000,3047,64.385548,4.668571,239.225256,235.331169
cpu_bound,rr,454,1000,20,1,1,0.050000,0.300000,390.519000,3218,70.130828,7.532019,392.641104,386.092937
cpu_bound,rr,455,1000,20,1,1,0.050000,0.300000,355.844000,3121,61.092464,7.190839,337.464516,372.614841
cpu_bound,rr,456,1000,20,1,1,0.050000,0.300000,343.675000,3112,56.547091,6.526598,341.912621,331.706485
cpu_bound,rr,457,1000,20,1,1,0.050000,0.300000,481.369000,3224,55.184479,9.374777,500.217822,441.607383
cpu_bound,rr,458,1000,20,1,1,0.050000,0.300000,448.054000,3163,61.106846,8.755847,438.337500,437.296029
cpu_bound,rr,459,1000,20,1,1,0.050000,0.300000,321.635000,3151,68.062247,6.285412,320.331104,324.387387
cpu_bound,rr,46,1000,20,1,1,0.050000,0.300000,266.887000,3052,63.222490,5.192982,259.384058,277.157718
cpu_bound,rr,460,1000,20,1,1,0.050000,0.300000,630.857000,3257,68.971442,12.228957,625.962069,640.561538
cpu_bound,rr,461,1000,20,1,1,0.050000,0.300000,291.593000,3116,59.771233,5.726115,297.981538,276.093750
cpu_bound,rr,462,1000,20,1,1,0.050000,0.300000,367.198000,3205,71.626732,7.119195,387.491582,357.901754
cpu_bound,rr,463,1000,20,1,1,0.050000,0.300000,491.007000,3303,73.046214,9.350495,500.990506,467.656140
cpu_bound,rr,464,1000,20,1,1,0.050000,0.300000,338.630000,3188,55.060029,6.582527,351.706625,340.179775
cpu_bound,rr,465,1000,20,1,1,0.050000,0.300000,395.835000,3191,65.288368,7.732663,400.646688,412.571930
cpu_bound,rr,466,1000,20,1,1,0.050000,0.300000,286.784000,3096,66.473433,5.593532,294.210843,287.865455
cpu_bound,rr,467,1000,20,1,1,0.050000,0.300000,303.241000,3096,64.202014,5.738750,294.713781,289.214521
cpu_bound,rr,468,1000,20,1,1,0.050000,0.300000,229.649000,3168,66.562701,4.385765,236.575862,232.851133
cpu_bound,rr,469,1000,20,1,1,0.050000,0.300000,353.643000,3219,65.267072,6.851530,346.338658,355.411003
cpu_bound,rr,47,1000,20,1,1,0.050000,0.300000,296.443000,3122,63.539145,5.667025,306.056106,291.516779
cpu_bound,rr,470,1000,20,1,1,0.050000,0.300000,333.946000,3105,60.016815,6.607578,357.801282,313.618729
cpu_bound,rr,471,1000,20,1,1,0.050000,0.300000,392.484000,3100,52.532569,7.505038,410.104530,383.886667
cpu_bound,rr,472,1000,20,1,1,0.050000,0.300000,305.528000,3091,63.237604,5.991676,299.859016,299.453074
cpu_bound,rr,473,1000,20,1,1,0.050000,0.300000,410.436000,3210,63.953600,7.714511,433.186275,414.647841
cpu_bound,rr,474,1000,20,1,1,0.050000,0.300000,349.912000,3090,56.990026,6.997686,348.445614,348.328904
cpu_bound,rr,475,1000,20,1,1,0.050000,0.300000,283.611000,3150,64.850444,5.488488,288.634058,292.980707
cpu_bound,rr,476,1000,20,1,1,0.050000,0.300000,343.585000,3213,61.934937,6.421869,337.170648,357.663366
cpu_bound,rr,477,1000,20,1,1,0.050000,0.300000,289.808000,3173,65.153598,5.632702,294.051613,290.054839
cpu_bound,rr,478,1000,20,1,1,0.050000,0.300000,325.097000,3013,67.637436,6.607347,312.835913,318.064516
cpu_bound,rr,479,1000,20,1,1,0.050000,0.300000,447.091000,3198,63.364441,8.686099,473.854369,408.342561
cpu_bound,rr,48,1000,20,1,1,0.050000,0.300000,405.337000,3199,59.771961,7.967809,416.459854,421.065789
cpu_bound,rr,480,1000,20,1,1,0.050000,0.300000,383.378000,3149,62.081251,7.547827,392.668966,358.041667
cpu_bound,rr,481,1000,20,1,1,0.050000,0.300000,256.529000,3044,56.130776,5.129630,252.746835,255.659864
cpu_bound,rr,482,1000,20,1,1,0.050000,0.300000,319.702000,3043,63.109676,6.411850,298.605351,321.363322
cpu_bound,rr,483,1000,20,1,1,0.050000,0.300000,568.586000,3198,53.620222,10.817007,555.019737,568.549020
cpu_bound,rr,484,1000,20,1,1,0.050000,0.300000,1266.083000,3398,59.521258,23.432103,1254.608696,1265.525994
cpu_bound,rr,485,1000,20,1,1,0.050000,0.300000,257.598000,3064,72.142285,5.153262,262.537267,254.477663
cpu_bound,rr,486,1000,20,1,1,0.050000,0.300000,372.538000,3230,58.630261,6.998159,355.261628,370.681208
cpu_bound,rr,487,1000,20,1,1,0.050000,0.300000,306.419000,3085,61.633185,5.977208,299.006993,322.603636
cpu_bound,rr,488,1000,20,1,1,0.050000,0.300000,355.078000,3151,68.699548,7.034489,352.594684,365.186495
cpu_bound,rr,489,1000,20,1,1,0.050000,0.300000,278.560000,3142,70.198062,5.464539,283.142395,274.255319
cpu_bound,rr,49,1000,20,1,1,0.050000,0.300000,380.499000,3182,66.586179,7.349913,369.403846,367.685714
cpu_bound,rr,490,1000,20,1,1,0.050000,0.300000,499.457000,3257,63.522645,9.628655,505.604811,505.165079
cpu_bound,rr,491,1000,20,1,1,0.050000,0.300000,585.638000,3279,62.072943,10.953920,568.443366,617.590444
cpu_bound,rr,492,1000,20,1,1,0.050000,0.300000,377.384000,3140,54.958170,7.438539,390.304196,364.381538
cpu_bound,rr,493,1000,20,1,1,0.050000,0.300000,354.458000,3178,63.083172,6.859603,364.449180,357.266447
cpu_bound,rr,494,1000,20,1,1,0.050000,0.300000,411.546000,3224,69.565519,7.984276,402.245734,418.112211
cpu_bound,rr,495,1000,20,1,1,0.050000,0.300000,413.975000,3148,54.499549,7.949969,377.000000,467.720000
cpu_bound,rr,496,1000,20,1,1,0.050000,0.300000,470.786000,3043,55.720096,9.500758,466.416910,444.354839
cpu_bound,rr,497,1000,20,1,1,0.050000,0.300000,450.447000,3108,55.424856,8.835488,474.463333,436.174658
cpu_bound,rr,498,1000,20,1,1,0.050000,0.300000,457.867000,3295,65.646448,8.412471,473.185965,466.302548
cpu_bound,rr,499,1000,20,1,1,0.050000,0.300000,359.570000,3151,63.328729,6.952406,366.516892,344.438406
cpu_bound,rr,5,1000,20,1,1,0.050000,0.300000,901.172000,3300,67.730815,17.281726,983.000000,829.332180
cpu_bound,rr,50,1000,20,1,1,0.050000,0.300000,284.660000,3062,67.210421,5.594969,275.422442,271.846667
cpu_bound,rr,500,1000,20,1,1,0.050000,0.300000,358.499000,3202,65.956653,6.897261,350.448161,362.915625
cpu_bound,rr,501,1000,20,1,1,0.050000,0.300000,356.909000,3125,53.329440,7.001296,345.263889,356.365132
cpu_bound,rr,502,1000,20,1,1,0.050000,0.300000,548.244000,3176,54.387956,10.602284,517.106762,540.722561
cpu_bound,rr,503,1000,20,1,1,0.050000,0.300000,342.191000,3095,61.973306,6.781642,345.416107,331.117450
cpu_bound,rr,504,1000,20,1,1,0.050000,0.300000,313.103000,3128,60.953385,6.141081,299.543860,315.862620
cpu_bound,rr,505,1000,20,1,1,0.050000,0.300000,438.002000,3175,60.094121,8.438605,415.490260,446.823529
cpu_bound,rr,506,1000,20,1,1,0.050000,0.300000,323.487000,3271,71.070886,6.076566,330.822981,305.147887
cpu_bound,rr,507,1000,20,1,1,0.050000,0.300000,297.670000,3102,64.163909,5.778260,305.092784,288.959459
cpu_bound,rr,508,1000,20,1,1,0.050000,0.300000,743.423000,3224,57.005881,14.145035,773.976898,775.220000
cpu_bound,rr,509,1000,20,1,1,0.050000,0.300000,394.607000,3203,60.966775,7.426864,363.536585,389.607843
cpu_bound,rr,51,1000,20,1,1,0.050000,0.300000,511.812000,3218,59.292031,9.769864,499.118243,528.571918
cpu_bound,rr,510,1000,20,1,1,0.050000,0.300000,328.795000,3164,64.788544,6.431762,322.465839,333.375000
cpu_bound,rr,511,1000,20,1,1,0.050000,0.300000,484.933000,3212,61.288434,9.486875,474.820946,452.517915
cpu_bound,rr,512,1000,20,1,1,0.050000,0.300000,285.386000,3012,59.176818,5.776534,293.372549,278.655914
cpu_bound,rr,513,1000,20,1,1,0.050000,0.300000,415.051000,3140,55.366959,7.807750,390.298742,427.098592
cpu_bound,rr,514,1000,20,1,1,0.050000,0.300000,344.011000,3205,62.927167,6.652102,339.917526,337.637540
cpu_bound,rr,515,1000,20,1,1,0.050000,0.300000,433.002000,3213,61.369644,8.166607,427.689420,401.288462
cpu_bound,rr,516,1000,20,1,1,0.050000,0.300000,459.712000,3223,66.407254,9.023325,453.490132,463.074205
cpu_bound,rr,517,1000,20,1,1,0.050000,0.300000,405.927000,3211,63.977643,7.804276,428.150000,385.371237
cpu_bound,rr,518,1000,20,1,1,0.050000,0.300000,376.480000,3148,64.317008,7.481431,364.122977,385.332226
cpu_bound,rr,519,1000,20,1,1,0.050000,0.300000,228.867000,3076,66.588868,4.456974,226.936242,223.479452
cpu_bound,rr,52,1000,20,1,1,0.050000,0.300000,354.243000,3186,58.427625,6.750223,336.307958,380.003268
cpu_bound,rr,520,1000,20,1,1,0.050000,0.300000,283.155000,3148,59.567606,5.516108,308.932432,255.968858
cpu_bound,rr,521,1000,20,1,1,0.050000,0.300000,490.294000,3275,66.524003,9.403377,492.181818,458.635379
cpu_bound,rr,522,1000,20,1,1,0.050000,0.300000,347.325000,3131,57.408685,6.731125,364.036101,347.619497
cpu_bound,rr,523,1000,20,1,1,0.050000,0.300000,399.872000,3232,66.145061,7.769378,423.683168,376.020000
cpu_bound,rr,524,1000,20,1,1,0.050000,0.300000,571.920000,3186,68.507402,11.188968,569.257840,598.894231
cpu_bound,rr,525,1000,20,1,1,0.050000,0.300000,346.024000,3184,64.143824,6.803644,364.785256,345.989726
cpu_bound,rr,526,1000,20,1,1,0.050000,0.300000,1350.243000,3194,66.468430,26.542288,1320.424615,1268.619863
cpu_bound,rr,527,1000,20,1,1,0.050000,0.300000,628.585000,3162,56.887288,12.294915,627.618893,636.500000
cpu_bound,rr,528,1000,20,1,1,0.050000,0.300000,283.567000,3085,68.918459,5.563286,298.042623,270.288321
cpu_bound,rr,529,1000,20,1,1,0.050000,0.300000,382.933000,3138,65.213963,7.613772,381.369231,396.548173
cpu_bound,rr,53,1000,20,1,1,0.050000,0.300000,296.212000,3026,64.137802,5.974007,282.934028,292.508039
cpu_bound,rr,530,1000,20,1,1,0.050000,0.300000,386.468000,3129,53.498449,7.467143,393.025641,405.352542
cpu_bound,rr,531,1000,20,1,1,0.050000,0.300000,319.085000,3171,62.773717,6.070822,309.415094,336.115756
cpu_bound,rr,532,1000,20,1,1,0.050000,0.300000,299.377000,3074,67.773059,5.988800,300.696319,310.037801
cpu_bound,rr,533,1000,20,1,1,0.050000,0.300000,259.673000,3076,59.838417,5.182579,253.447653,269.481848
cpu_bound,rr,534,1000,20,1,1,0.050000,0.300000,311.046000,3122,61.125984,5.877864,320.749216,314.236667
cpu_bound,rr,535,1000,20,1,1,0.050000,0.300000,315.767000,3271,69.542817,5.982922,317.415094,314.503472
cpu_bound,rr,536,1000,20,1,1,0.050000,0.300000,591.274000,3241,56.459420,11.349068,594.480427,627.442675
cpu_bound,rr,537,1000,20,1,1,0.050000,0.300000,346.850000,3144,60.638863,6.987675,339.006993,337.954098
cpu_bound,rr,538,1000,20,1,1,0.050000,0.300000,338.524000,3212,61.976820,6.312437,348.722741,305.356890
cpu_bound,rr,539,1000,20,1,1,0.050000,0.300000,388.573000,3203,69.014219,7.353225,417.056537,346.866242
cpu_bound,rr,54,1000,20,1,1,0.050000,0.300000,677.132000,3176,58.360355,13.234538,670.166667,670.090604
cpu_bound,rr,540,1000,20,1,1,0.050000,0.300000,357.211000,3109,62.190628,6.870257,364.092593,362.330189
cpu_bound,rr,541,1000,20,1,1,0.050000,0.300000,490.440000,3138,47.809775,9.610686,533.169435,453.986711
cpu_bound,rr,542,1000,20,1,1,0.050000,0.300000,260.506000,3066,63.186208,5.032765,262.941818,247.796825
cpu_bound,rr,543,1000,20,1,1,0.050000,0.300000,439.576000,3222,61.435759,8.404509,449.907143,430.486111
cpu_bound,rr,544,1000,20,1,1,0.050000,0.300000,304.696000,3100,64.845300,6.171429,310.351974,294.549618
cpu_bound,rr,545,1000,20,1,1,0.050000,0.300000,318.168000,3137,62.426890,6.288827,303.850649,320.085502
cpu_bound,rr,546,1000,20,1,1,0.050000,0.300000,361.725000,3154,57.154821,6.929037,364.839344,376.166667
cpu_bound,rr,547,1000,20,1,1,0.050000,0.300000,217.714000,3075,70.005432,4.316994,212.434251,227.043046
cpu_bound,rr,548,1000,20,1,1,0.050000,0.300000,442.493000,3221,60.491696,8.413140,452.844660,464.960656
cpu_bound,rr,549,1000,20,1,1,0.050000,0.300000,225.625000,2978,65.793801,4.580710,212.040881,237.162252
cpu_bound,rr,55,1000,20,1,1,0.050000,0.300000,288.683000,3065,68.739580,5.891895,294.929104,283.245791
cpu_bound,rr,550,1000,20,1,1,0.050000,0.300000,409.977000,3223,64.862205,7.978359,428.548589,409.524648
cpu_bound,rr,551,1000,20,1,1,0.050000,0.300000,468.113000,3186,55.558260,8.831967,462.303448,495.448598
cpu_bound,rr,552,1000,20,1,1,0.050000,0.300000,228.164000,3031,62.482535,4.422784,206.814189,231.758170
cpu_bound,rr,553,1000,20,1,1,0.050000,0.300000,397.858000,3182,60.084720,7.706851,394.840256,397.267606
cpu_bound,rr,554,1000,20,1,1,0.050000,0.300000,270.345000,3142,66.054375,5.203872,269.104101,298.673333
cpu_bound,rr,555,1000,20,1,1,0.050000,0.300000,248.080000,3068,59.313686,4.840959,245.950980,243.097973
cpu_bound,rr,556,1000,20,1,1,0.050000,0.300000,407.453000,3254,60.491329,7.665087,435.070000,385.182119
cpu_bound,rr,557,1000,20,1,1,0.050000,0.300000,270.996000,3204,67.044402,5.055507,282.672840,251.539519
cpu_bound,rr,558,1000,20,1,1,0.050000,0.300000,965.918000,3155,51.889447,19.240604,972.804054,915.382445
cpu_bound,rr,559,1000,20,1,1,0.050000,0.300000,286.899000,3222,71.752369,5.493226,288.287975,295.091837
cpu_bound,rr,56,1000,20,1,1,0.050000,0.300000,824.436000,3256,64.390618,15.773851,777.090062,879.478102
cpu_bound,rr,560,1000,20,1,1,0.050000,0.300000,361.553000,3145,58.138523,6.882615,340.960133,397.209003
cpu_bound,rr,561,1000,20,1,1,0.050000,0.300000,527.802000,3314,69.203633,10.050460,546.175627,506.089172
cpu_bound,rr,562,1000,20,1,1,0.050000,0.300000,476.950000,3185,67.552304,9.257108,441.066202,479.429936
cpu_bound,rr,563,1000,20,1,1,0.050000,0.300000,377.657000,3194,66.585075,7.274465,381.661017,389.609929
cpu_bound,rr,564,1000,20,1,1,0.050000,0.300000,362.037000,3191,58.441063,6.933461,395.931900,348.700997
cpu_bound,rr,565,1000,20,1,1,0.050000,0.300000,412.149000,3275,66.467469,7.710867,411.801303,397.962585
cpu_bound,rr,566,1000,20,1,1,0.050000,0.300000,419.357000,3110,63.848076,8.143839,423.126761,430.476341
cpu_bound,rr,567,1000,20,1,1,0.050000,0.300000,292.956000,3090,70.394612,5.803394,301.348837,292.731544
cpu_bound,rr,568,1000,20,1,1,0.050000,0.300000,529.982000,3275,69.284830,10.017011,528.421053,517.597484
cpu_bound,rr,569,1000,20,1,1,0.050000,0.300000,473.577000,3100,58.806751,9.345426,439.279570,499.916399
cpu_bound,rr,57,1000,20,1,1,0.050000,0.300000,289.317000,3133,57.609555,5.725648,297.602564,267.820847
cpu_bound,rr,570,1000,20,1,1,0.050000,0.300000,581.017000,3249,64.140313,11.127599,584.730000,575.631410
cpu_bound,rr,571,1000,20,1,1,0.050000,0.300000,743.696000,3260,71.871568,14.635837,691.332103,731.215873
cpu_bound,rr,572,1000,20,1,1,0.050000,0.300000,326.772000,3105,55.070478,6.385284,318.584459,348.068100
cpu_bound,rr,573,1000,20,1,1,0.050000,0.300000,415.642000,3223,71.528835,8.022811,429.084806,409.096774
cpu_bound,rr,574,1000,20,1,1,0.050000,0.300000,371.400000,3295,69.232838,7.089828,400.923077,366.374545
cpu_bound,rr,575,1000,20,1,1,0.050000,0.300000,298.519000,3071,60.199648,5.797410,284.788779,310.598039
cpu_bound,rr,576,1000,20,1,1,0.050000,0.300000,394.069000,3096,52.745487,7.809115,390.959248,398.623693
cpu_bound,rr,577,1000,20,1,1,0.050000,0.300000,250.448000,3108,60.252686,5.035674,251.555911,242.993103
cpu_bound,rr,578,1000,20,1,1,0.050000,0.300000,427.580000,3059,51.698568,8.352944,397.415584,464.546125
cpu_bound,rr,579,1000,20,1,1,0.050000,0.300000,402.561000,3197,64.897596,7.681379,381.320946,416.051546
cpu_bound,rr,58,1000,20,1,1,0.050000,0.300000,381.300000,3123,54.832302,7.349801,364.074733,371.635802
cpu_bound,rr,580,1000,20,1,1,0.050000,0.300000,244.079000,3010,67.473040,4.849370,255.740741,245.670290
cpu_bound,rr,581,1000,20,1,1,0.050000,0.300000,401.399000,3178,61.321972,7.679519,426.451724,422.355263
cpu_bound,rr,582,1000,20,1,1,0.050000,0.300000,414.759000,3143,63.584807,7.993232,401.254181,407.347962
cpu_bound,rr,583,1000,20,1,1,0.050000,0.300000,312.974000,3089,61.754864,6.058088,301.566343,313.786713
cpu_bound,rr,584,1000,20,1,1,0.050000,0.300000,660.455000,3252,59.970167,12.487270,643.010033,658.826241
cpu_bound,rr,585,1000,20,1,1,0.050000,0.300000,219.189000,3049,69.846335,4.356163,213.737374,225.496552
cpu_bound,rr,586,1000,20,1,1,0.050000,0.300000,257.711000,3082,66.960606,5.041937,245.424920,274.414634
cpu_bound,rr,587,1000,20,1,1,0.050000,0.300000,384.580000,3154,56.654697,7.445742,360.768987,407.059406
cpu_bound,rr,588,1000,20,1,1,0.050000,0.300000,342.774000,3144,52.725862,6.706773,350.898361,349.363057
cpu_bound,rr,589,1000,20,1,1,0.050000,0.300000,861.978000,3263,67.648315,16.702977,878.805031,829.894198
cpu_bound,rr,59,1000,20,1,1,0.050000,0.300000,349.417000,3220,68.758132,6.730239,335.990260,368.416129
cpu_bound,rr,590,1000,20,1,1,0.050000,0.300000,390.068000,3220,69.558668,7.578469,392.677966,401.190476
cpu_bound,rr,591,1000,20,1,1,0.050000,0.300000,377.456000,3184,60.379687,7.411971,377.504854,372.328814
cpu_bound,rr,592,1000,20,1,1,0.050000,0.300000,346.653000,3108,57.716981,6.740949,337.937716,372.726384
cpu_bound,rr,593,1000,20,1,1,0.050000,0.300000,389.185000,3201,65.405160,7.461542,396.482650,385.178322
cpu_bound,rr,594,1000,20,1,1,0.050000,0.300000,339.131000,3135,58.393526,6.544911,327.202128,337.048860
cpu_bound,rr,595,1000,20,1,1,0.050000,0.300000,366.640000,3071,60.114854,7.261028,358.876812,356.811912
cpu_bound,rr,596,1000,20,1,1,0.050000,0.300000,499.390000,3258,65.176600,9.351798,515.464883,500.625407
cpu_bound,rr,597,1000,20,1,1,0.050000,0.300000,295.032000,3135,59.055110,5.509861,308.628571,291.898361
cpu_bound,rr,598,1000,20,1,1,0.050000,0.300000,598.935000,3226,57.071340,11.246365,605.571906,602.961661
cpu_bound,rr,599,1000,20,1,1,0.050000,0.300000,631.006000,3250,56.665346,11.957125,634.382550,665.803226
cpu_bound,rr,6,1000,20,1,1,0.050000,0.300000,245.999000,3121,62.168995,4.827866,233.588997,256.542955
cpu_bound,rr,60,1000,20,1,1,0.050000,0.300000,361.091000,3064,61.394690,7.213698,373.980000,338.204545
cpu_bound,rr,600,1000,20,1,1,0.050000,0.300000,397.682000,3161,55.794829,7.563041,422.787302,362.603390
cpu_bound,rr,601,1000,20,1,1,0.050000,0.300000,407.753000,3273,63.708616,7.665773,395.767974,382.390572
cpu_bound,rr,602,1000,20,1,1,0.050000,0.300000,840.308000,3227,62.439533,15.906653,860.658703,799.346405
cpu_bound,rr,603,1000,20,1,1,0.050000,0.300000,268.502000,3109,66.048691,5.185549,289.794702,265.914557
cpu_bound,rr,604,1000,20,1,1,0.050000,0.300000,451.229000,3196,63.805895,8.818593,462.900929,464.479624
cpu_bound,rr,605,1000,20,1,1,0.050000,0.300000,467.804000,3125,58.297903,9.335330,456.574603,486.378947
cpu_bound,rr,606,1000,20,1,1,0.050000,0.300000,269.445000,3057,63.035668,5.266762,262.562290,285.542587
cpu_bound,rr,607,1000,20,1,1,0.050000,0.300000,247.778000,3097,69.357685,4.836797,249.564669,265.243446
cpu_bound,rr,608,1000,20,1,1,0.050000,0.300000,298.652000,3120,66.009927,5.750358,303.416393,290.203704
cpu_bound,rr,609,1000,20,1,1,0.050000,0.300000,274.169000,3077,62.908460,5.299311,271.658065,282.893993
cpu_bound,rr,61,1000,20,1,1,0.050000,0.300000,399.070000,3149,54.044776,7.849822,386.132075,371.790000
cpu_bound,rr,610,1000,20,1,1,0.050000,0.300000,325.294000,3145,67.095182,6.292056,320.388316,328.371237
cpu_bound,rr,611,1000,20,1,1,0.050000,0.300000,268.333000,3060,59.643672,5.396054,289.291667,246.020134
cpu_bound,rr,612,1000,20,1,1,0.050000,0.300000,405.767000,3251,60.679292,7.651187,390.629139,435.518152
cpu_bound,rr,613,1000,20,1,1,0.050000,0.300000,431.234000,3099,56.667187,8.604770,460.570447,410.825939
cpu_bound,rr,614,1000,20,1,1,0.050000,0.300000,622.187000,3243,54.955855,11.831697,669.069930,600.911585
cpu_bound,rr,615,1000,20,1,1,0.050000,0.300000,315.826000,3060,58.368671,6.190468,323.244373,324.889273
cpu_bound,rr,616,1000,20,1,1,0.050000,0.300000,215.423000,3033,71.669973,4.233029,210.696486,222.045614
cpu_bound,rr,617,1000,20,1,1,0.050000,0.300000,769.600000,3260,65.259134,15.059126,732.003049,832.432990
cpu_bound,rr,618,1000,20,1,1,0.050000,0.300000,359.980000,3190,68.721356,7.109745,372.388379,356.629893
cpu_bound,rr,619,1000,20,1,1,0.050000,0.300000,555.622000,3271,59.516066,10.475215,564.721190,532.012195
cpu_bound,rr,62,1000,20,1,1,0.050000,0.300000,291.744000,3135,72.008929,5.684479,283.197232,302.741214
cpu_bound,rr,620,1000,20,1,1,0.050000,0.300000,411.106000,3227,58.340943,7.980283,417.009554,403.751701
cpu_bound,rr,621,1000,20,1,1,0.050000,0.300000,431.430000,3174,48.855111,8.131060,449.731481,437.170492
cpu_bound,rr,622,1000,20,1,1,0.050000,0.300000,266.148000,3082,60.624484,5.120421,270.132203,257.155629
cpu_bound,rr,623,1000,20,1,1,0.050000,0.300000,487.258000,3148,58.927895,9.414777,470.637874,508.332215
cpu_bound,rr,624,1000,20,1,1,0.050000,0.300000,401.042000,3152,57.456947,7.582990,421.604027,393.943860
cpu_bound,rr,625,1000,20,1,1,0.050000,0.300000,251.736000,3158,68.221403,4.864885,254.117241,265.935275
cpu_bound,rr,626,1000,20,1,1,0.050000,0.300000,316.168000,3097,68.569232,6.219326,314.539249,312.083333
cpu_bound,rr,627,1000,20,1,1,0.050000,0.300000,322.827000,3090,59.795753,6.357840,298.254125,321.791096
cpu_bound,rr,628,1000,20,1,1,0.050000,0.300000,299.076000,3105,58.185131,5.886933,308.086093,280.784053
cpu_bound,rr,629,1000,20,1,1,0.050000,0.300000,317.488000,3179,56.309165,6.087488,323.422078,322.486755
cpu_bound,rr,63,1000,20,1,1,0.050000,0.300000,245.452000,3073,66.450342,4.782490,251.739274,251.063091
cpu_bound,rr,630,1000,20,1,1,0.050000,0.300000,829.030000,3250,66.633087,15.793414,825.663430,806.768212
cpu_bound,rr,631,1000,20,1,1,0.050000,0.300000,443.506000,3213,51.950107,8.509219,415.432727,466.896321
cpu_bound,rr,632,1000,20,1,1,0.050000,0.300000,307.620000,3158,53.626549,5.827991,316.320819,290.355482
cpu_bound,rr,633,1000,20,1,1,0.050000,0.300000,380.197000,3168,65.667823,7.419881,354.139785,389.757576
cpu_bound,rr,634,1000,20,1,1,0.050000,0.300000,379.620000,3115,63.704432,7.551162,404.826498,360.569966
cpu_bound,rr,635,1000,20,1,1,0.050000,0.300000,760.671000,3253,46.297399,14.449928,713.889632,757.689895
cpu_bound,rr,636,1000,20,1,1,0.050000,0.300000,331.574000,3146,48.966621,6.265135,330.184669,306.776667
cpu_bound,rr,637,1000,20,1,1,0.050000,0.300000,372.482000,3142,47.372463,7.193419,393.815182,338.948097
cpu_bound,rr,638,1000,20,1,1,0.050000,0.300000,447.870000,3113,50.022518,8.691158,421.686275,493.170732
cpu_bound,rr,639,1000,20,1,1,0.050000,0.300000,723.134000,3315,50.996107,13.508603,643.302251,747.074627
cpu_bound,rr,64,1000,20,1,1,0.050000,0.300000,459.065000,3254,70.085700,8.755497,471.530000,451.321555
cpu_bound,rr,640,1000,20,1,1,0.050000,0.300000,426.676000,3149,62.583937,8.262180,418.578595,410.140127
cpu_bound,rr,641,1000,20,1,1,0.050000,0.300000,482.120000,3241,68.258083,9.242142,485.113402,471.786834
cpu_bound,rr,642,1000,20,1,1,0.050000,0.300000,575.998000,3213,60.788179,10.824175,576.952542,561.223881
cpu_bound,rr,643,1000,20,1,1,0.050000,0.300000,428.228000,3234,59.556336,8.061191,461.702194,462.356890
cpu_bound,rr,644,1000,20,1,1,0.050000,0.300000,244.113000,3011,63.595531,4.819397,227.269737,253.778523
cpu_bound,rr,645,1000,20,1,1,0.050000,0.300000,557.237000,3187,64.171554,10.864364,582.670846,543.982079
cpu_bound,rr,646,1000,20,1,1,0.050000,0.300000,381.826000,3101,56.871273,7.608132,332.903323,392.460208
cpu_bound,rr,647,1000,20,1,1,0.050000,0.300000,361.746000,3152,65.508602,6.935962,356.818482,377.713805
cpu_bound,rr,648,1000,20,1,1,0.050000,0.300000,591.540000,3292,62.253594,11.561032,598.947735,594.560748
cpu_bound,rr,649,1000,20,1,1,0.050000,0.300000,463.461000,3140,62.421262,9.066237,468.910596,491.594059
cpu_bound,rr,65,1000,20,1,1,0.050000,0.300000,521.015000,3303,66.345133,9.826531,508.368601,524.662207
cpu_bound,rr,650,1000,20,1,1,0.050000,0.300000,524.539000,3194,59.715481,10.292772,539.207668,495.906475
cpu_bound,rr,651,1000,20,1,1,0.050000,0.300000,513.368000,3236,62.358858,9.967115,515.691275,554.860390
cpu_bound,rr,652,1000,20,1,1,0.050000,0.300000,327.458000,3142,63.695915,6.330527,355.155172,324.662295
cpu_bound,rr,653,1000,20,1,1,0.050000,0.300000,395.857000,3217,70.178434,7.732563,377.310231,394.474359
cpu_bound,rr,654,1000,20,1,1,0.050000,0.300000,388.174000,3175,54.591389,7.584612,367.742754,403.972727
cpu_bound,rr,655,1000,20,1,1,0.050000,0.300000,334.248000,3168,58.472991,6.213636,332.000000,335.986301
cpu_bound,rr,656,1000,20,1,1,0.050000,0.300000,321.924000,3219,65.695713,6.076264,320.201754,324.126316
cpu_bound,rr,657,1000,20,1,1,0.050000,0.300000,368.278000,3261,65.141843,6.913799,376.028391,382.312925
cpu_bound,rr,658,1000,20,1,1,0.050000,0.300000,373.699000,3107,60.601580,7.347066,354.445230,371.003460
cpu_bound,rr,659,1000,20,1,1,0.050000,0.300000,380.559000,3281,62.194885,7.202174,386.974194,357.624138
cpu_bound,rr,66,1000,20,1,1,0.050000,0.300000,343.794000,3257,61.741464,6.609406,332.528662,365.125000
cpu_bound,rr,660,1000,20,1,1,0.050000,0.300000,389.793000,3195,71.152641,7.469172,405.919014,381.922830
cpu_bound,rr,661,1000,20,1,1,0.050000,0.300000,383.142000,3185,58.405852,7.336892,362.818471,370.361111
cpu_bound,rr,662,1000,20,1,1,0.050000,0.300000,357.948000,3180,67.676365,6.937044,366.892256,344.140288
cpu_bound,rr,663,1000,20,1,1,0.050000,0.300000,651.362000,3236,59.086087,12.675322,663.276527,633.841060
cpu_bound,rr,664,1000,20,1,1,0.050000,0.300000,307.221000,3155,66.819844,5.960203,324.125000,293.446254
cpu_bound,rr,665,1000,20,1,1,0.050000,0.300000,343.773000,3172,58.567746,6.549342,331.413907,328.610169
cpu_bound,rr,666,1000,20,1,1,0.050000,0.300000,548.816000,3193,63.766162,10.638755,550.335423,529.083056
cpu_bound,rr,667,1000,20,1,1,0.050000,0.300000,305.399000,3066,60.875930,5.867838,298.033445,285.389241
cpu_bound,rr,668,1000,20,1,1,0.050000,0.300000,372.033000,3184,67.391406,7.412361,347.992933,354.849673
cpu_bound,rr,669,1000,20,1,1,0.050000,0.300000,330.608000,3057,63.373126,6.605297,330.817590,328.747253
cpu_bound,rr,67,1000,20,1,1,0.050000,0.300000,324.098000,3062,48.431957,6.343587,370.794613,272.462295
cpu_bound,rr,670,1000,20,1,1,0.050000,0.300000,500.163000,3295,58.570255,9.367475,474.304348,493.905844
cpu_bound,rr,671,1000,20,1,1,0.050000,0.300000,542.580000,3254,45.490978,10.243002,524.000000,518.812081
cpu_bound,rr,672,1000,20,1,1,0.050000,0.300000,314.480000,3138,60.356933,5.989965,304.197452,344.036913
cpu_bound,rr,673,1000,20,1,1,0.050000,0.300000,250.721000,3153,70.582975,4.799605,253.948805,256.577855
cpu_bound,rr,674,1000,20,1,1,0.050000,0.300000,318.282000,3152,65.738071,6.152742,351.575851,315.482877
cpu_bound,rr,675,1000,20,1,1,0.050000,0.300000,440.428000,3241,63.792280,8.236202,428.773381,449.016556
cpu_bound,rr,676,1000,20,1,1,0.050000,0.300000,361.398000,3136,53.112887,7.043291,343.065744,372.415282
cpu_bound,rr,677,1000,20,1,1,0.050000,0.300000,241.148000,3076,69.351159,4.713383,245.916376,239.594937
cpu_bound,rr,678,1000,20,1,1,0.050000,0.300000,306.742000,3111,54.711315,5.992543,313.439189,311.252366
cpu_bound,rr,679,1000,20,1,1,0.050000,0.300000,356.791000,3169,59.720969,6.731338,356.106007,341.166065
cpu_bound,rr,68,1000,20,1,1,0.050000,0.300000,307.537000,3132,52.262516,5.947111,317.121212,307.972603
cpu_bound,rr,680,1000,20,1,1,0.050000,0.300000,582.928000,3190,67.347758,11.569260,593.034921,579.281369
cpu_bound,rr,681,1000,20,1,1,0.050000,0.300000,334.485000,3138,57.941709,6.527941,334.886207,367.265233
cpu_bound,rr,682,1000,20,1,1,0.050000,0.300000,441.594000,3219,59.917008,8.213881,422.393728,449.796875
cpu_bound,rr,683,1000,20,1,1,0.050000,0.300000,352.083000,3156,56.471989,6.734304,334.350168,353.164430
cpu_bound,rr,684,1000,20,1,1,0.050000,0.300000,435.479000,3165,61.718032,8.662288,431.694534,463.812102
cpu_bound,rr,685,1000,20,1,1,0.050000,0.300000,341.350000,3129,68.906429,6.713825,338.561644,346.437931
cpu_bound,rr,686,1000,20,1,1,0.050000,0.300000,294.963000,3171,63.822462,5.514300,278.096085,317.758730
cpu_bound,rr,687,1000,20,1,1,0.050000,0.300000,548.939000,3282,72.066186,10.420372,533.033951,519.839869
cpu_bound,rr,688,1000,20,1,1,0.050000,0.300000,530.217000,3165,58.215259,10.126090,533.893471,486.630719
cpu_bound,rr,689,1000,20,1,1,0.050000,0.300000,411.278000,3174,57.373763,7.572418,445.493151,392.601307
cpu_bound,rr,69,1000,20,1,1,0.050000,0.300000,245.946000,2977,59.677914,4.891742,240.423077,246.187919
cpu_bound,rr,690,1000,20,1,1,0.050000,0.300000,340.649000,3089,50.246782,6.527198,355.029070,287.928839
cpu_bound,rr,691,1000,20,1,1,0.050000,0.300000,323.828000,3230,72.386217,6.158320,311.705521,345.955326
cpu_bound,rr,692,1000,20,1,1,0.050000,0.300000,476.417000,3196,54.116951,8.767590,475.659236,488.255814
cpu_bound,rr,693,1000,20,1,1,0.050000,0.300000,303.675000,3091,58.792087,5.910114,313.813084,294.506494
cpu_bound,rr,694,1000,20,1,1,0.050000,0.300000,368.686000,3162,59.776765,7.156583,359.006154,351.408497
cpu_bound,rr,695,1000,20,1,1,0.050000,0.300000,331.083000,3106,57.460783,6.541316,332.377049,314.425532
cpu_bound,rr,696,1000,20,1,1,0.050000,0.300000,602.186000,3276,59.611017,11.690895,627.443333,578.941558
cpu_bound,rr,697,1000,20,1,1,0.050000,0.300000,248.141000,3103,68.882139,4.796679,251.485342,255.384083
cpu_bound,rr,698,1000,20,1,1,0.050000,0.300000,441.500000,3150,53.443269,8.382138,489.362712,430.097403
cpu_bound,rr,699,1000,20,1,1,0.050000,0.300000,405.229000,3102,57.037225,7.917604,396.817276,403.804795
cpu_bound,rr,7,1000,20,1,1,0.050000,0.300000,357.696000,3163,66.849602,6.870208,372.372093,341.256410
cpu_bound,rr,70,1000,20,1,1,0.050000,0.300000,389.570000,3187,62.850139,7.529222,360.719298,394.905537
cpu_bound,rr,700,1000,20,1,1,0.050000,0.300000,537.497000,3202,54.451961,10.297947,523.382550,506.993750
cpu_bound,rr,701,1000,20,1,1,0.050000,0.300000,526.901000,3228,58.936697,10.203790,529.407534,498.909677
cpu_bound,rr,702,1000,20,1,1,0.050000,0.300000,330.868000,3167,63.657883,6.350605,333.948630,334.924399
cpu_bound,rr,703,1000,20,1,1,0.050000,0.300000,285.517000,3104,66.329331,5.699430,293.139752,262.561644
cpu_bound,rr,704,1000,20,1,1,0.050000,0.300000,444.998000,3252,61.986884,8.416777,457.521452,439.638225
cpu_bound,rr,705,1000,20,1,1,0.050000,0.300000,356.760000,3167,67.132062,6.908566,373.273616,353.040000
cpu_bound,rr,706,1000,20,1,1,0.050000,0.300000,405.395000,3266,57.994342,7.734475,374.648276,433.646104
cpu_bound,rr,707,1000,20,1,1,0.050000,0.300000,417.636000,3163,59.985715,8.003423,405.167742,423.889241
cpu_bound,rr,708,1000,20,1,1,0.050000,0.300000,252.558000,3089,62.452365,4.898019,253.947541,264.232877
cpu_bound,rr,709,1000,20,1,1,0.050000,0.300000,350.365000,3067,58.927178,6.844131,311.354515,379.699301
cpu_bound,rr,71,1000,20,1,1,0.050000,0.300000,221.041000,3034,60.964619,4.275740,239.733553,211.909420
cpu_bound,rr,710,1000,20,1,1,0.050000,0.300000,385.734000,3109,55.928414,7.726630,396.699647,376.803077
cpu_bound,rr,711,1000,20,1,1,0.050000,0.300000,240.877000,3046,70.629582,4.834465,241.705036,244.454545
cpu_bound,rr,712,1000,20,1,1,0.050000,0.300000,393.717000,3142,55.923022,7.790465,389.338870,427.684932
cpu_bound,rr,713,1000,20,1,1,0.050000,0.300000,323.642000,3106,64.051764,6.358990,340.960784,319.102740
cpu_bound,rr,714,1000,20,1,1,0.050000,0.300000,413.148000,3246,46.326758,7.847831,391.591772,414.273050
cpu_bound,rr,715,1000,20,1,1,0.050000,0.300000,357.566000,3150,55.779762,6.856834,313.042553,361.831081
cpu_bound,rr,716,1000,20,1,1,0.050000,0.300000,378.353000,3110,61.994714,7.545967,355.952532,420.799342
cpu_bound,rr,717,1000,20,1,1,0.050000,0.300000,280.120000,3111,60.774063,5.530529,291.387900,284.272436
cpu_bound,rr,718,1000,20,1,1,0.050000,0.300000,373.525000,3184,58.150383,7.167518,403.254072,361.306397
cpu_bound,rr,719,1000,20,1,1,0.050000,0.300000,476.676000,3212,65.309733,8.944658,464.090909,472.072664
cpu_bound,rr,72,1000,20,1,1,0.050000,0.300000,311.583000,3144,66.486156,6.120145,326.097403,297.421405
cpu_bound,rr,720,1000,20,1,1,0.050000,0.300000,376.317000,3182,56.573586,7.336816,352.079310,387.531722
cpu_bound,rr,721,1000,20,1,1,0.050000,0.300000,298.917000,3224,61.397905,5.632882,286.802676,301.633218
cpu_bound,rr,722,1000,20,1,1,0.050000,0.300000,250.249000,3100,64.004555,4.719669,245.119601,251.469178
cpu_bound,rr,723,1000,20,1,1,0.050000,0.300000,412.303000,3170,58.851277,7.932003,411.768382,420.378125
cpu_bound,rr,724,1000,20,1,1,0.050000,0.300000,369.931000,3162,64.404439,7.260666,349.482877,382.299003
cpu_bound,rr,725,1000,20,1,1,0.050000,0.300000,273.484000,3028,56.417612,5.373497,265.376543,279.687285
cpu_bound,rr,726,1000,20,1,1,0.050000,0.300000,386.794000,3158,51.729631,7.366158,354.090301,416.784512
cpu_bound,rr,727,1000,20,1,1,0.050000,0.300000,474.669000,3221,62.491754,9.149396,440.640940,486.126246
cpu_bound,rr,728,1000,20,1,1,0.050000,0.300000,451.042000,3191,66.391728,8.664341,443.510135,453.855019
cpu_bound,rr,729,1000,20,1,1,0.050000,0.300000,745.103000,3219,61.415064,14.422950,754.644737,654.853242
cpu_bound,rr,73,1000,20,1,1,0.050000,0.300000,451.884000,3295,65.428459,8.633212,442.943522,455.577982
cpu_bound,rr,730,1000,20,1,1,0.050000,0.300000,316.544000,3113,55.212294,6.136151,311.550676,315.393333
cpu_bound,rr,731,1000,20,1,1,0.050000,0.300000,265.108000,3124,65.123635,5.187638,253.671053,281.962733
cpu_bound,rr,732,1000,20,1,1,0.050000,0.300000,253.680000,3036,67.675511,5.080046,255.594156,255.750831
cpu_bound,rr,733,1000,20,1,1,0.050000,0.300000,236.383000,3088,57.328684,4.642481,223.310559,260.472131
cpu_bound,rr,734,1000,20,1,1,0.050000,0.300000,340.875000,3139,59.746951,6.763891,347.821086,346.027211
cpu_bound,rr,735,1000,20,1,1,0.050000,0.300000,610.520000,3230,66.713761,11.921402,589.059649,622.281553
cpu_bound,rr,736,1000,20,1,1,0.050000,0.300000,272.088000,3122,58.750996,5.280090,286.731013,255.243816
cpu_bound,rr,737,1000,20,1,1,0.050000,0.300000,467.908000,3162,51.011786,9.124388,449.765273,475.552980
cpu_bound,rr,738,1000,20,1,1,0.050000,0.300000,373.241000,3110,58.754496,7.399340,369.000000,352.437931
cpu_bound,rr,739,1000,20,1,1,0.050000,0.300000,390.214000,3189,65.735276,7.645282,378.492063,391.910653
cpu_bound,rr,74,1000,20,1,1,0.050000,0.300000,311.139000,3119,63.670786,5.911913,306.327402,309.936306
cpu_bound,rr,740,1000,20,1,1,0.050000,0.300000,297.047000,3103,64.341654,5.797344,281.756329,305.295374
cpu_bound,rr,741,1000,20,1,1,0.050000,0.300000,481.866000,3204,73.359000,9.376236,514.520548,463.041801
cpu_bound,rr,742,1000,20,1,1,0.050000,0.300000,314.061000,3137,68.663872,6.136862,300.040134,321.775578
cpu_bound,rr,743,1000,20,1,1,0.050000,0.300000,236.214000,2999,59.631906,4.696719,229.306397,248.247619
cpu_bound,rr,744,1000,20,1,1,0.050000,0.300000,402.609000,3170,61.911837,7.978261,390.307432,406.200000
cpu_bound,rr,745,1000,20,1,1,0.050000,0.300000,477.989000,3180,61.217325,9.234001,505.472028,433.378378
cpu_bound,rr,746,1000,20,1,1,0.050000,0.300000,516.260000,3200,62.970403,10.038062,509.635452,532.204620
cpu_bound,rr,747,1000,20,1,1,0.050000,0.300000,337.735000,3204,68.052298,6.297837,345.375000,333.603960
cpu_bound,rr,748,1000,20,1,1,0.050000,0.300000,283.462000,3094,64.563191,5.437855,286.505300,284.702703
cpu_bound,rr,749,1000,20,1,1,0.050000,0.300000,266.582000,3058,63.254410,5.246679,276.665541,256.186544
cpu_bound,rr,75,1000,20,1,1,0.050000,0.300000,496.990000,3199,64.748802,9.790968,478.903654,508.935275
cpu_bound,rr,750,1000,20,1,1,0.050000,0.300000,458.376000,3132,57.824587,8.850718,481.757042,455.460064
cpu_bound,rr,751,1000,20,1,1,0.050000,0.300000,308.551000,3112,57.186479,6.081146,292.945652,329.854037
cpu_bound,rr,752,1000,20,1,1,0.050000,0.300000,540.896000,3196,56.427810,10.523802,528.826797,515.819018
cpu_bound,rr,753,1000,20,1,1,0.050000,0.300000,362.174000,3205,57.818485,6.955563,377.980645,350.563140
cpu_bound,rr,754,1000,20,1,1,0.050000,0.300000,604.034000,3220,66.927179,11.959110,608.559211,612.950877
cpu_bound,rr,755,1000,20,1,1,0.050000,0.300000,435.543000,3146,51.143945,8.343790,445.584775,443.469055
cpu_bound,rr,756,1000,20,1,1,0.050000,0.300000,467.713000,3132,48.812629,8.886027,461.037975,471.370909
cpu_bound,rr,757,1000,20,1,1,0.050000,0.300000,498.584000,3167,72.941257,9.972345,472.602649,505.743682
cpu_bound,rr,758,1000,20,1,1,0.050000,0.300000,383.456000,3139,55.648484,7.619399,367.221818,414.899351
cpu_bound,rr,759,1000,20,1,1,0.050000,0.300000,418.286000,3250,62.256693,7.907902,433.151899,414.468531
cpu_bound,rr,76,1000,20,1,1,0.050000,0.300000,388.519000,3191,56.280330,7.511646,389.261818,360.447619
cpu_bound,rr,760,1000,20,1,1,0.050000,0.300000,387.934000,3097,55.890455,7.760501,414.433898,369.148026
cpu_bound,rr,761,1000,20,1,1,0.050000,0.300000,312.142000,3119,59.465827,6.132947,327.380471,322.780405
cpu_bound,rr,762,1000,20,1,1,0.050000,0.300000,301.360000,3116,49.575321,5.662510,294.567976,302.233577
cpu_bound,rr,763,1000,20,1,1,0.050000,0.300000,320.690000,3127,62.458288,6.169424,343.069079,321.063545
cpu_bound,rr,764,1000,20,1,1,0.050000,0.300000,437.603000,3188,65.798787,8.619147,442.822006,444.049822
cpu_bound,rr,765,1000,20,1,1,0.050000,0.300000,642.041000,3150,45.476151,12.094555,640.203077,653.414545
cpu_bound,rr,766,1000,20,1,1,0.050000,0.300000,852.305000,3274,58.493573,16.544742,919.414474,896.044828
cpu_bound,rr,767,1000,20,1,1,0.050000,0.300000,275.448000,3215,64.083714,5.211933,295.378571,279.614650
cpu_bound,rr,768,1000,20,1,1,0.050000,0.300000,432.857000,3203,59.738275,8.309036,422.962963,436.466443
cpu_bound,rr,769,1000,20,1,1,0.050000,0.300000,298.729000,3163,67.932087,5.763195,312.541045,298.426174
cpu_bound,rr,77,1000,20,1,1,0.050000,0.300000,285.809000,3088,69.555557,5.508658,279.126183,273.823944
cpu_bound,rr,770,1000,20,1,1,0.050000,0.300000,525.446000,3125,54.381983,10.298827,497.996528,520.404459
cpu_bound,rr,771,1000,20,1,1,0.050000,0.300000,398.274000,3220,69.775400,7.641358,401.594595,415.006711
cpu_bound,rr,772,1000,20,1,1,0.050000,0.300000,433.772000,3149,55.017653,8.394557,465.455150,439.525773
cpu_bound,rr,773,1000,20,1,1,0.050000,0.300000,444.327000,3211,57.916998,8.388312,387.795222,476.289286
cpu_bound,rr,774,1000,20,1,1,0.050000,0.300000,305.878000,3217,73.109869,5.926376,313.568627,309.466216
cpu_bound,rr,775,1000,20,1,1,0.050000,0.300000,437.340000,3186,69.812409,8.453203,440.297101,417.320122
cpu_bound,rr,776,1000,20,1,1,0.050000,0.300000,737.060000,3221,62.078881,14.380878,734.134483,786.805195
cpu_bound,rr,777,1000,20,1,1,0.050000,0.300000,437.370000,3214,58.882527,8.322505,474.639344,451.209302
cpu_bound,rr,778,1000,20,1,1,0.050000,0.300000,429.159000,3197,60.239914,8.300350,421.911475,458.484746
cpu_bound,rr,779,1000,20,1,1,0.050000,0.300000,272.591000,3079,62.076803,5.188471,305.156352,268.179054
cpu_bound,rr,78,1000,20,1,1,0.050000,0.300000,396.236000,3201,67.003994,7.667905,413.942446,395.389937
cpu_bound,rr,780,1000,20,1,1,0.050000,0.300000,341.000000,3167,63.616174,6.737188,330.564912,372.145161
cpu_bound,rr,781,1000,20,1,1,0.050000,0.300000,317.054000,3069,64.350541,6.122338,301.037543,314.806154
cpu_bound,rr,782,1000,20,1,1,0.050000,0.300000,400.208000,3159,63.483377,7.765440,412.318644,413.202703
cpu_bound,rr,783,1000,20,1,1,0.050000,0.300000,254.584000,3187,69.021735,4.893762,241.113074,271.886288
cpu_bound,rr,784,1000,20,1,1,0.050000,0.300000,334.210000,3219,63.524014,6.299089,347.449838,326.852941
cpu_bound,rr,785,1000,20,1,1,0.050000,0.300000,513.782000,3227,60.366621,9.776472,552.590444,513.096990
cpu_bound,rr,786,1000,20,1,1,0.050000,0.300000,476.518000,3169,54.043085,9.353962,498.232787,491.098246
cpu_bound,rr,787,1000,20,1,1,0.050000,0.300000,488.244000,3226,54.511806,9.276832,523.388715,452.917526
cpu_bound,rr,788,1000,20,1,1,0.050000,0.300000,417.061000,3098,61.677641,8.286988,424.003472,398.745981
cpu_bound,rr,789,1000,20,1,1,0.050000,0.300000,633.326000,3227,63.834856,12.359325,644.951768,641.222222
cpu_bound,rr,79,1000,20,1,1,0.050000,0.300000,395.683000,3144,52.191385,7.602862,411.098592,381.231034
cpu_bound,rr,790,1000,20,1,1,0.050000,0.300000,642.258000,3241,52.540541,12.309026,650.564014,594.404984
cpu_bound,rr,791,1000,20,1,1,0.050000,0.300000,354.648000,3129,57.415572,6.790394,352.448845,328.943709
cpu_bound,rr,792,1000,20,1,1,0.050000,0.300000,345.559000,3128,55.348392,6.659793,363.729299,318.807432
cpu_bound,rr,793,1000,20,1,1,0.050000,0.300000,516.371000,3234,54.706361,9.679405,508.580328,551.191223
cpu_bound,rr,794,1000,20,1,1,0.050000,0.300000,230.960000,3018,59.629654,4.448420,216.037671,254.752475
cpu_bound,rr,795,1000,20,1,1,0.050000,0.300000,437.395000,3143,59.243709,8.435600,429.335385,409.770609
cpu_bound,rr,796,1000,20,1,1,0.050000,0.300000,244.127000,3030,64.462449,4.659264,249.467577,255.767273
cpu_bound,rr,797,1000,20,1,1,0.050000,0.300000,324.917000,3145,62.914708,6.455025,329.347267,335.556962
cpu_bound,rr,798,1000,20,1,1,0.050000,0.300000,278.667000,3076,63.016346,5.381382,264.486486,291.956386
cpu_bound,rr,799,1000,20,1,1,0.050000,0.300000,336.631000,3097,61.679842,6.766343,352.592334,346.117089
cpu_bound,rr,8,1000,20,1,1,0.050000,0.300000,302.818000,3138,70.186569,5.873575,317.138514,306.856655
cpu_bound,rr,80,1000,20,1,1,0.050000,0.300000,271.576000,3107,60.375546,5.271265,268.582492,259.210526
cpu_bound,rr,800,1000,20,1,1,0.050000,0.300000,529.028000,3316,69.001332,9.792375,536.648562,542.578431
cpu_bound,rr,801,1000,20,1,1,0.050000,0.300000,435.313000,3178,65.075326,8.351269,427.489726,432.200000
cpu_bound,rr,802,1000,20,1,1,0.050000,0.300000,502.550000,3116,44.222491,10.158489,531.938312,501.581994
cpu_bound,rr,803,1000,20,1,1,0.050000,0.300000,247.703000,2994,60.511144,5.060612,261.623333,251.219745
cpu_bound,rr,804,1000,20,1,1,0.050000,0.300000,308.622000,3115,71.095720,5.996050,310.088328,313.020761
cpu_bound,rr,805,1000,20,1,1,0.050000,0.300000,239.926000,3055,66.539855,4.804113,255.347518,237.976027
cpu_bound,rr,806,1000,20,1,1,0.050000,0.300000,345.232000,3240,63.863894,6.551420,348.742765,364.192308
cpu_bound,rr,807,1000,20,1,1,0.050000,0.300000,498.663000,3250,66.504255,9.573627,518.282468,492.498403
cpu_bound,rr,808,1000,20,1,1,0.050000,0.300000,377.866000,3184,63.766586,7.207666,370.625000,388.079618
cpu_bound,rr,809,1000,20,1,1,0.050000,0.300000,290.552000,3022,58.319515,5.854258,276.408638,284.695946
cpu_bound,rr,81,1000,20,1,1,0.050000,0.300000,382.352000,3186,64.099544,7.248243,383.930233,378.715210
cpu_bound,rr,810,1000,20,1,1,0.050000,0.300000,420.743000,3199,69.033087,8.127506,418.645051,431.633562
cpu_bound,rr,811,1000,20,1,1,0.050000,0.300000,358.317000,3179,57.106574,7.017687,388.639610,351.252669
cpu_bound,rr,812,1000,20,1,1,0.050000,0.300000,377.742000,3213,60.061981,7.415969,375.772727,379.822148
cpu_bound,rr,813,1000,20,1,1,0.050000,0.300000,425.196000,3185,53.226667,7.991469,429.535117,394.677812
cpu_bound,rr,814,1000,20,1,1,0.050000,0.300000,301.851000,3152,69.630475,5.853139,289.649682,300.785479
cpu_bound,rr,815,1000,20,1,1,0.050000,0.300000,786.018000,3267,61.341107,15.162381,810.043189,777.219858
cpu_bound,rr,816,1000,20,1,1,0.050000,0.300000,287.430000,3074,68.484038,5.755852,264.069307,303.088652
cpu_bound,rr,817,1000,20,1,1,0.050000,0.300000,334.774000,3062,56.907607,6.645690,319.348534,331.954704
cpu_bound,rr,818,1000,20,1,1,0.050000,0.300000,353.917000,3184,61.263582,6.915435,353.138776,347.351097
cpu_bound,rr,819,1000,20,1,1,0.050000,0.300000,469.493000,3213,63.902270,9.120705,462.431579,477.269625
cpu_bound,rr,82,1000,20,1,1,0.050000,0.300000,284.254000,3165,65.031314,5.429380,307.859016,256.849650
cpu_bound,rr,820,1000,20,1,1,0.050000,0.300000,568.114000,3230,58.533014,11.035129,592.748322,550.479495
cpu_bound,rr,821,1000,20,1,1,0.050000,0.300000,375.516000,3149,56.728863,7.286590,365.083067,379.094203
cpu_bound,rr,822,1000,20,1,1,0.050000,0.300000,294.922000,3096,62.479273,5.707398,307.643564,303.482315
cpu_bound,rr,823,1000,20,1,1,0.050000,0.300000,260.748000,3095,65.568829,5.120816,255.794326,274.291803
cpu_bound,rr,824,1000,20,1,1,0.050000,0.300000,294.161000,3131,60.454081,5.613926,280.931034,306.591503
cpu_bound,rr,825,1000,20,1,1,0.050000,0.300000,389.880000,3170,65.347457,7.537659,393.405229,397.792642
cpu_bound,rr,826,1000,20,1,1,0.050000,0.300000,308.723000,3070,62.118927,6.026327,310.031034,308.543046
cpu_bound,rr,827,1000,20,1,1,0.050000,0.300000,412.491000,3140,64.232987,8.090261,408.025890,437.873846
cpu_bound,rr,828,1000,20,1,1,0.050000,0.300000,290.691000,3091,61.443259,5.704736,297.351613,270.330935
cpu_bound,rr,829,1000,20,1,1,0.050000,0.300000,509.088000,3205,48.799881,9.526391,526.059406,487.153094
cpu_bound,rr,83,1000,20,1,1,0.050000,0.300000,322.257000,3187,66.555025,6.288433,339.421986,299.873846
cpu_bound,rr,830,1000,20,1,1,0.050000,0.300000,427.099000,3281,50.497924,7.945816,404.274247,425.558219
cpu_bound,rr,831,1000,20,1,1,0.050000,0.300000,269.470000,3059,63.901041,5.383174,255.564748,261.717868
cpu_bound,rr,832,1000,20,1,1,0.050000,0.300000,460.213000,3151,55.011893,8.989226,432.229730,480.645390
cpu_bound,rr,833,1000,20,1,1,0.050000,0.300000,394.075000,3138,57.015647,7.678000,392.787162,403.362745
cpu_bound,rr,834,1000,20,1,1,0.050000,0.300000,415.253000,3191,56.605548,7.993094,407.277372,460.043887
cpu_bound,rr,835,1000,20,1,1,0.050000,0.300000,513.068000,3193,49.970187,9.679995,478.727869,464.813380
cpu_bound,rr,836,1000,20,1,1,0.050000,0.300000,384.007000,3212,61.716027,7.326546,400.381818,363.394822
cpu_bound,rr,837,1000,20,1,1,0.050000,0.300000,592.013000,3303,59.118341,11.281729,563.316832,598.218855
cpu_bound,rr,838,1000,20,1,1,0.050000,0.300000,353.867000,3113,59.393297,6.840666,335.212544,353.583062
cpu_bound,rr,839,1000,20,1,1,0.050000,0.300000,294.928000,3182,68.105527,5.713501,297.721154,290.400000
cpu_bound,rr,84,1000,20,1,1,0.050000,0.300000,471.881000,3180,61.514233,9.079378,493.723906,473.180921
cpu_bound,rr,840,1000,20,1,1,0.050000,0.300000,294.476000,3107,56.453795,5.847032,283.686084,323.167742
cpu_bound,rr,841,1000,20,1,1,0.050000,0.300000,510.062000,3188,66.794897,9.942923,480.193443,545.504886
cpu_bound,rr,842,1000,20,1,1,0.050000,0.300000,441.537000,3237,60.931431,8.282107,406.852349,462.045455
cpu_bound,rr,843,1000,20,1,1,0.050000,0.300000,341.056000,3181,65.470552,6.644827,324.199324,351.101010
cpu_bound,rr,844,1000,20,1,1,0.050000,0.300000,448.256000,3183,53.036530,8.529053,458.718543,464.555184
cpu_bound,rr,845,1000,20,1,1,0.050000,0.300000,501.523000,3180,57.769785,9.411454,517.352159,474.503333
cpu_bound,rr,846,1000,20,1,1,0.050000,0.300000,477.012000,3196,46.412515,9.076817,494.506803,497.449180
cpu_bound,rr,847,1000,20,1,1,0.050000,0.300000,397.854000,3186,63.210595,7.753362,412.455414,374.348432
cpu_bound,rr,848,1000,20,1,1,0.050000,0.300000,351.595000,3163,64.218199,6.831231,322.110000,348.600000
cpu_bound,rr,849,1000,20,1,1,0.050000,0.300000,422.015000,3123,53.522650,8.398522,446.414545,407.131148
cpu_bound,rr,85,1000,20,1,1,0.050000,0.300000,457.266000,3199,58.385110,8.674421,498.066901,436.543860
cpu_bound,rr,850,1000,20,1,1,0.050000,0.300000,417.589000,3162,58.360074,8.028482,398.916399,413.455479
cpu_bound,rr,851,1000,20,1,1,0.050000,0.300000,429.240000,3280,68.453348,8.236606,431.881757,431.889262
cpu_bound,rr,852,1000,20,1,1,0.050000,0.300000,296.201000,3081,64.326106,5.783151,298.993994,312.916388
cpu_bound,rr,853,1000,20,1,1,0.050000,0.300000,497.487000,3214,53.223493,9.516815,533.524390,472.067616
cpu_bound,rr,854,1000,20,1,1,0.050000,0.300000,283.198000,3105,67.990967,5.575507,281.993671,276.003610
cpu_bound,rr,855,1000,20,1,1,0.050000,0.300000,404.933000,3236,71.044951,7.674438,405.709898,394.603960
cpu_bound,rr,856,1000,20,1,1,0.050000,0.300000,379.190000,3212,61.349467,7.403881,370.062718,366.803390
cpu_bound,rr,857,1000,20,1,1,0.050000,0.300000,498.284000,3221,59.317419,9.730440,441.880000,506.771429
cpu_bound,rr,858,1000,20,1,1,0.050000,0.300000,599.776000,3232,58.881486,11.514912,591.755932,620.490132
cpu_bound,rr,859,1000,20,1,1,0.050000,0.300000,548.037000,3185,52.047867,10.633535,539.427536,522.290221
cpu_bound,rr,86,1000,20,1,1,0.050000,0.300000,540.010000,3179,51.195094,10.464380,582.230000,505.993056
cpu_bound,rr,860,1000,20,1,1,0.050000,0.300000,353.958000,3143,63.275535,6.865452,377.590580,358.474194
cpu_bound,rr,861,1000,20,1,1,0.050000,0.300000,377.721000,3172,60.104705,7.327182,383.082437,388.110410
cpu_bound,rr,862,1000,20,1,1,0.050000,0.300000,434.711000,3186,62.116909,8.429690,433.524272,439.257840
cpu_bound,rr,863,1000,20,1,1,0.050000,0.300000,268.630000,3068,65.165811,5.425411,285.329966,251.090301
cpu_bound,rr,864,1000,20,1,1,0.050000,0.300000,217.830000,3007,64.499749,4.379171,221.691558,214.066225
cpu_bound,rr,865,1000,20,1,1,0.050000,0.300000,542.822000,3130,50.932767,10.531666,510.266026,546.516014
cpu_bound,rr,866,1000,20,1,1,0.050000,0.300000,497.336000,3249,45.850627,9.417368,469.539249,504.131757
cpu_bound,rr,867,1000,20,1,1,0.050000,0.300000,407.268000,3224,68.692662,7.894086,401.185535,433.275510
cpu_bound,rr,868,1000,20,1,1,0.050000,0.300000,371.131000,3176,69.898461,7.392533,348.932331,361.400000
cpu_bound,rr,869,1000,20,1,1,0.050000,0.300000,458.121000,3148,45.915662,8.664899,448.247423,482.513595
cpu_bound,rr,87,1000,20,1,1,0.050000,0.300000,304.646000,3107,62.546691,5.975358,309.913495,304.226974
cpu_bound,rr,870,1000,20,1,1,0.050000,0.300000,287.980000,3187,66.362997,5.539450,287.133333,278.649351
cpu_bound,rr,871,1000,20,1,1,0.050000,0.300000,488.371000,3168,59.766430,9.399499,491.466216,469.490000
cpu_bound,rr,872,1000,20,1,1,0.050000,0.300000,398.962000,3149,55.747948,7.793987,393.480836,414.580858
cpu_bound,rr,873,1000,20,1,1,0.050000,0.300000,288.498000,3079,58.545456,5.559197,287.194805,323.333333
cpu_bound,rr,874,1000,20,1,1,0.050000,0.300000,247.849000,3141,69.155511,4.814738,236.151408,254.888889
cpu_bound,rr,875,1000,20,1,1,0.050000,0.300000,401.117000,3163,61.147572,7.733094,408.604575,399.874172
cpu_bound,rr,876,1000,20,1,1,0.050000,0.300000,650.773000,3227,60.364511,12.387727,619.817891,652.364583
cpu_bound,rr,877,1000,20,1,1,0.050000,0.300000,410.359000,3225,56.844040,7.905158,388.254296,409.453901
cpu_bound,rr,878,1000,20,1,1,0.050000,0.300000,326.756000,3103,62.194054,6.407693,324.453020,315.736842
cpu_bound,rr,879,1000,20,1,1,0.050000,0.300000,500.542000,3215,54.999697,9.763078,555.392857,444.407285
cpu_bound,rr,88,1000,20,1,1,0.050000,0.300000,372.979000,3189,61.527293,7.128689,357.651652,368.046099
cpu_bound,rr,880,1000,20,1,1,0.050000,0.300000,313.227000,3182,71.450661,6.043183,304.996416,308.489426
cpu_bound,rr,881,1000,20,1,1,0.050000,0.300000,410.942000,3194,62.812466,7.905658,408.187291,420.746130
cpu_bound,rr,882,1000,20,1,1,0.050000,0.300000,847.351000,3213,59.865109,16.899903,966.819444,824.839117
cpu_bound,rr,883,1000,20,1,1,0.050000,0.300000,372.162000,3261,58.177973,7.064011,327.382353,386.406557
cpu_bound,rr,884,1000,20,1,1,0.050000,0.300000,304.013000,3166,66.314183,5.838857,312.234528,283.390244
cpu_bound,rr,885,1000,20,1,1,0.050000,0.300000,256.025000,3112,61.916019,4.995160,254.814947,267.602484
cpu_bound,rr,886,1000,20,1,1,0.050000,0.300000,379.729000,3142,55.323674,7.258244,372.466667,382.940984
cpu_bound,rr,887,1000,20,1,1,0.050000,0.300000,261.086000,3069,63.158894,5.097322,263.513514,265.247492
cpu_bound,rr,888,1000,20,1,1,0.050000,0.300000,251.301000,3124,69.869712,4.818302,246.098684,245.800676
cpu_bound,rr,889,1000,20,1,1,0.050000,0.300000,449.749000,3155,64.865759,8.634985,460.481229,419.217687
cpu_bound,rr,89,1000,20,1,1,0.050000,0.300000,200.883000,3002,69.489617,3.980240,209.720690,198.909091
cpu_bound,rr,890,1000,20,1,1,0.050000,0.300000,311.679000,3224,70.846607,5.979221,319.530405,302.589404
cpu_bound,rr,891,1000,20,1,1,0.050000,0.300000,306.882000,3072,62.112269,6.102418,303.588424,313.000000
cpu_bound,rr,892,1000,20,1,1,0.050000,0.300000,325.837000,3131,66.623192,6.230180,318.792763,341.235110
cpu_bound,rr,893,1000,20,1,1,0.050000,0.300000,325.275000,3184,52.011593,6.346582,291.906977,376.849180
cpu_bound,rr,894,1000,20,1,1,0.050000,0.300000,297.096000,3115,67.133104,5.729144,310.162080,295.116788
cpu_bound,rr,895,1000,20,1,1,0.050000,0.300000,410.139000,3109,60.375820,8.151985,452.543750,408.700000
cpu_bound,rr,896,1000,20,1,1,0.050000,0.300000,384.578000,3147,60.051822,7.540650,392.432692,374.181185
cpu_bound,rr,897,1000,20,1,1,0.050000,0.300000,509.149000,3156,58.420193,9.938626,522.212625,535.191489
cpu_bound,rr,898,1000,20,1,1,0.050000,0.300000,275.601000,3107,66.355792,5.435941,270.155340,270.435331
cpu_bound,rr,899,1000,20,1,1,0.050000,0.300000,389.281000,3221,64.473055,7.355238,417.010417,377.135802
cpu_bound,rr,9,1000,20,1,1,0.050000,0.300000,591.187000,3164,52.697648,11.112164,584.952899,581.486726
cpu_bound,rr,90,1000,20,1,1,0.050000,0.300000,340.298000,3272,70.596237,6.442830,333.144262,345.238095
cpu_bound,rr,900,1000,20,1,1,0.050000,0.300000,281.102000,3178,69.654284,5.493307,283.579125,277.861199
cpu_bound,rr,901,1000,20,1,1,0.050000,0.300000,347.950000,3082,47.971029,6.927326,314.189103,342.286822
cpu_bound,rr,902,1000,20,1,1,0.050000,0.300000,269.476000,3120,63.303789,5.226330,273.302920,260.565079
cpu_bound,rr,903,1000,20,1,1,0.050000,0.300000,386.734000,3166,60.396758,7.330618,353.798658,419.334459
cpu_bound,rr,904,1000,20,1,1,0.050000,0.300000,499.071000,3167,55.855613,9.925645,489.082508,494.728477
cpu_bound,rr,905,1000,20,1,1,0.050000,0.300000,283.086000,3042,54.550188,5.615656,313.330065,260.106762
cpu_bound,rr,906,1000,20,1,1,0.050000,0.300000,490.244000,3239,55.643228,9.700918,542.653495,462.030717
cpu_bound,rr,907,1000,20,1,1,0.050000,0.300000,275.415000,3082,56.464238,5.371672,264.525773,293.393651
cpu_bound,rr,908,1000,20,1,1,0.050000,0.300000,353.389000,3180,66.930458,6.846846,377.436137,353.852234
cpu_bound,rr,909,1000,20,1,1,0.050000,0.300000,372.351000,3194,58.100668,7.061822,364.474359,377.179054
cpu_bound,rr,91,1000,20,1,1,0.050000,0.300000,245.892000,3063,64.549808,4.845292,243.764310,252.586667
cpu_bound,rr,910,1000,20,1,1,0.050000,0.300000,295.521000,3111,64.873195,5.785014,278.025559,296.982935
cpu_bound,rr,911,1000,20,1,1,0.050000,0.300000,422.293000,3182,57.955393,8.060760,423.093426,413.277778
cpu_bound,rr,912,1000,20,1,1,0.050000,0.300000,304.583000,3171,70.331496,5.851635,301.613559,310.716724
cpu_bound,rr,913,1000,20,1,1,0.050000,0.300000,303.054000,3119,65.326982,5.890043,291.467492,313.587248
cpu_bound,rr,914,1000,20,1,1,0.050000,0.300000,271.284000,3130,69.269983,5.204618,262.679310,292.640523
cpu_bound,rr,915,1000,20,1,1,0.050000,0.300000,270.993000,3138,69.306195,5.247002,260.582492,298.932039
cpu_bound,rr,916,1000,20,1,1,0.050000,0.300000,500.553000,3187,55.772106,9.851347,487.717949,551.434483
cpu_bound,rr,917,1000,20,1,1,0.050000,0.300000,605.857000,3222,66.132567,11.549224,656.124183,579.810997
cpu_bound,rr,918,1000,20,1,1,0.050000,0.300000,318.736000,3164,66.568059,6.181335,327.876623,313.141869
cpu_bound,rr,919,1000,20,1,1,0.050000,0.300000,345.991000,3122,57.899982,6.752585,339.984277,369.418605
cpu_bound,rr,92,1000,20,1,1,0.050000,0.300000,266.546000,3085,62.797094,5.377143,258.648903,272.871711
cpu_bound,rr,920,1000,20,1,1,0.050000,0.300000,700.548000,3192,53.147800,13.674420,732.492806,743.386525
cpu_bound,rr,921,1000,20,1,1,0.050000,0.300000,510.054000,3217,55.783760,9.741914,513.821678,514.509225
cpu_bound,rr,922,1000,20,1,1,0.050000,0.300000,394.552000,3234,66.891492,7.625250,381.880399,387.654362
cpu_bound,rr,923,1000,20,1,1,0.050000,0.300000,335.632000,3101,65.554497,6.543449,345.967427,322.586441
cpu_bound,rr,924,1000,20,1,1,0.050000,0.300000,291.481000,3065,62.078616,5.804675,276.987179,298.373770
cpu_bound,rr,925,1000,20,1,1,0.050000,0.300000,644.174000,3206,57.357303,12.284198,607.070039,636.200000
cpu_bound,rr,926,1000,20,1,1,0.050000,0.300000,292.074000,3137,69.913841,5.652962,299.840426,286.106312
cpu_bound,rr,927,1000,20,1,1,0.050000,0.300000,345.751000,3087,47.699652,6.662483,387.154341,303.674740
cpu_bound,rr,928,1000,20,1,1,0.050000,0.300000,407.046000,3142,64.072832,8.045329,392.355932,426.619048
cpu_bound,rr,929,1000,20,1,1,0.050000,0.300000,358.265000,3133,63.040456,7.024539,338.498316,363.163880
cpu_bound,rr,93,1000,20,1,1,0.050000,0.300000,415.007000,3194,65.598340,8.070229,432.281879,424.054662
cpu_bound,rr,930,1000,20,1,1,0.050000,0.300000,349.152000,3102,59.177293,7.046896,350.914013,350.713793
cpu_bound,rr,931,1000,20,1,1,0.050000,0.300000,251.170000,3040,56.863722,4.854394,245.993548,224.873563
cpu_bound,rr,932,1000,20,1,1,0.050000,0.300000,454.650000,3222,73.195521,8.959842,428.594697,488.641694
cpu_bound,rr,933,1000,20,1,1,0.050000,0.300000,574.189000,3213,60.773041,11.081544,563.765306,566.079734
cpu_bound,rr,934,1000,20,1,1,0.050000,0.300000,378.367000,3156,57.461605,7.586862,350.690789,368.916944
cpu_bound,rr,935,1000,20,1,1,0.050000,0.300000,283.194000,3081,62.071736,5.672800,259.537102,283.192073
cpu_bound,rr,936,1000,20,1,1,0.050000,0.300000,260.475000,3128,51.589231,5.061348,243.187097,249.965870
cpu_bound,rr,937,1000,20,1,1,0.050000,0.300000,339.004000,3134,65.042487,6.655587,311.420139,343.363946
cpu_bound,rr,938,1000,20,1,1,0.050000,0.300000,442.390000,3165,55.504215,8.558582,442.829851,448.162544
cpu_bound,rr,939,1000,20,1,1,0.050000,0.300000,508.948000,3157,66.516003,10.004017,503.069853,501.990712
cpu_bound,rr,94,1000,20,1,1,0.050000,0.300000,374.798000,3167,72.075101,7.363588,398.492000,382.722034
cpu_bound,rr,940,1000,20,1,1,0.050000,0.300000,300.858000,3144,60.443027,5.832367,293.217241,302.565789
cpu_bound,rr,941,1000,20,1,1,0.050000,0.300000,350.589000,3195,67.238792,6.912790,355.105263,367.852564
cpu_bound,rr,942,1000,20,1,1,0.050000,0.300000,392.328000,3222,63.169930,7.464657,378.224561,403.825243
cpu_bound,rr,943,1000,20,1,1,0.050000,0.300000,574.839000,3232,57.281352,11.163289,567.980392,578.466667
cpu_bound,rr,944,1000,20,1,1,0.050000,0.300000,403.052000,3276,63.856555,7.687765,384.116197,419.460967
cpu_bound,rr,945,1000,20,1,1,0.050000,0.300000,474.928000,3248,66.181769,9.150265,439.300000,486.190031
cpu_bound,rr,946,1000,20,1,1,0.050000,0.300000,415.698000,3135,60.452773,8.004013,440.436426,413.411972
cpu_bound,rr,947,1000,20,1,1,0.050000,0.300000,749.631000,3161,63.841694,14.763144,760.781145,771.528777
cpu_bound,rr,948,1000,20,1,1,0.050000,0.300000,300.484000,3134,63.317368,5.707528,306.022876,321.155689
cpu_bound,rr,949,1000,20,1,1,0.050000,0.300000,334.770000,3202,72.738781,6.468034,337.775168,351.902913
cpu_bound,rr,95,1000,20,1,1,0.050000,0.300000,341.892000,3117,55.721199,6.653466,362.300000,333.399351
cpu_bound,rr,950,1000,20,1,1,0.050000,0.300000,293.175000,3059,60.913412,5.823402,285.932203,288.796825
cpu_bound,rr,951,1000,20,1,1,0.050000,0.300000,432.299000,3227,66.306471,8.408303,446.581470,421.786441
cpu_bound,rr,952,1000,20,1,1,0.050000,0.300000,884.472000,3207,53.824609,17.357103,892.790997,919.742049
cpu_bound,rr,953,1000,20,1,1,0.050000,0.300000,442.017000,3175,50.587057,8.792968,460.620000,442.267327
cpu_bound,rr,954,1000,20,1,1,0.050000,0.300000,555.907000,3238,64.951609,10.491660,530.368794,571.682119
cpu_bound,rr,955,1000,20,1,1,0.050000,0.300000,400.592000,3253,65.332087,7.734093,402.628975,395.872054
cpu_bound,rr,956,1000,20,1,1,0.050000,0.300000,353.384000,3207,65.219494,6.890104,360.698276,351.481229
cpu_bound,rr,957,1000,20,1,1,0.050000,0.300000,316.818000,3199,64.362480,6.084557,326.738994,323.095070
cpu_bound,rr,958,1000,20,1,1,0.050000,0.300000,563.092000,3305,68.142050,10.787779,579.887719,590.872910
cpu_bound,rr,959,1000,20,1,1,0.050000,0.300000,307.052000,3116,61.190929,6.007076,331.020270,291.006757
cpu_bound,rr,96,1000,20,1,1,0.050000,0.300000,555.784000,3227,64.227184,10.795003,585.599359,500.744526
cpu_bound,rr,960,1000,20,1,1,0.050000,0.300000,531.271000,3264,72.011277,10.092619,552.467577,521.571429
cpu_bound,rr,961,1000,20,1,1,0.050000,0.300000,386.442000,3229,59.069907,7.253602,381.278481,391.302491
cpu_bound,rr,962,1000,20,1,1,0.050000,0.300000,291.954000,3200,65.212933,5.504577,297.082508,291.169935
cpu_bound,rr,963,1000,20,1,1,0.050000,0.300000,390.079000,3201,67.496524,7.442428,362.809836,408.109155
cpu_bound,rr,964,1000,20,1,1,0.050000,0.300000,224.654000,3111,71.412758,4.498616,233.440000,218.040541
cpu_bound,rr,965,1000,20,1,1,0.050000,0.300000,426.168000,3276,71.372865,8.173353,425.312693,452.527076
cpu_bound,rr,966,1000,20,1,1,0.050000,0.300000,387.266000,3083,58.976850,7.805590,355.641892,390.520376
cpu_bound,rr,967,1000,20,1,1,0.050000,0.300000,385.233000,3156,61.116697,7.421203,393.181185,412.707937
cpu_bound,rr,968,1000,20,1,1,0.050000,0.300000,295.339000,3026,65.687166,5.810333,279.544586,317.914894
cpu_bound,rr,969,1000,20,1,1,0.050000,0.300000,465.375000,3301,64.654079,8.581225,475.960993,443.996711
cpu_bound,rr,97,1000,20,1,1,0.050000,0.300000,295.779000,3155,63.972180,5.792143,303.033582,309.953704
cpu_bound,rr,970,1000,20,1,1,0.050000,0.300000,479.563000,3206,65.171304,9.150286,464.255892,445.795302
cpu_bound,rr,971,1000,20,1,1,0.050000,0.300000,485.932000,3074,51.637824,9.381335,501.975177,445.254658
cpu_bound,rr,972,1000,20,1,1,0.050000,0.300000,465.981000,3175,57.624618,9.005189,484.264214,467.764505
cpu_bound,rr,973,1000,20,1,1,0.050000,0.300000,324.037000,3125,66.105508,6.204120,320.942308,338.993103
cpu_bound,rr,974,1000,20,1,1,0.050000,0.300000,290.092000,3048,60.306561,5.678001,279.273050,297.209220
cpu_bound,rr,975,1000,20,1,1,0.050000,0.300000,427.443000,3146,65.472748,8.227399,402.721154,456.244224
cpu_bound,rr,976,1000,20,1,1,0.050000,0.300000,250.920000,3059,65.958801,4.873835,250.704180,242.221843
cpu_bound,rr,977,1000,20,1,1,0.050000,0.300000,262.492000,3019,64.665617,5.258878,243.942857,264.904762
cpu_bound,rr,978,1000,20,1,1,0.050000,0.300000,645.196000,3353,71.700274,12.106874,672.351974,676.467797
cpu_bound,rr,979,1000,20,1,1,0.050000,0.300000,343.281000,3213,64.622266,6.574603,359.172956,333.557491
cpu_bound,rr,98,1000,20,1,1,0.050000,0.300000,350.586000,3188,63.541260,6.648716,363.579661,340.389706
cpu_bound,rr,980,1000,20,1,1,0.050000,0.300000,403.432000,3082,59.495819,7.919516,397.188742,369.531987
cpu_bound,rr,981,1000,20,1,1,0.050000,0.300000,251.495000,3061,65.080232,5.008742,241.898990,259.118211
cpu_bound,rr,982,1000,20,1,1,0.050000,0.300000,247.635000,3137,69.279904,4.853429,234.225256,247.574468
cpu_bound,rr,983,1000,20,1,1,0.050000,0.300000,344.882000,3235,67.211013,6.577395,359.082192,364.180328
cpu_bound,rr,984,1000,20,1,1,0.050000,0.300000,430.464000,3120,51.044360,8.715182,421.477419,414.076190
cpu_bound,rr,985,1000,20,1,1,0.050000,0.300000,468.824000,3244,60.315376,8.978493,458.438127,510.744409
cpu_bound,rr,986,1000,20,1,1,0.050000,0.300000,344.121000,3265,63.547286,6.662785,345.501672,336.453333
cpu_bound,rr,987,1000,20,1,1,0.050000,0.300000,368.407000,3166,57.188806,7.189366,352.754717,385.683706
cpu_bound,rr,988,1000,20,1,1,0.050000,0.300000,489.809000,3167,51.943048,9.410382,474.264286,491.770764
cpu_bound,rr,989,1000,20,1,1,0.050000,0.300000,441.206000,3275,62.647656,8.189592,435.408638,434.713826
cpu_bound,rr,99,1000,20,1,1,0.050000,0.300000,543.435000,3327,61.575058,10.209956,512.651341,572.470790
cpu_bound,rr,990,1000,20,1,1,0.050000,0.300000,350.874000,3149,60.523804,6.818430,317.993485,355.726316
cpu_bound,rr,991,1000,20,1,1,0.050000,0.300000,354.203000,3116,67.609029,7.067902,323.959732,346.109929
cpu_bound,rr,992,1000,20,1,1,0.050000,0.300000,325.905000,3216,66.404539,6.201594,342.640379,335.956386
cpu_bound,rr,993,1000,20,1,1,0.050000,0.300000,318.973000,3126,70.529637,6.205713,302.608833,320.055016
cpu_bound,rr,994,1000,20,1,1,0.050000,0.300000,431.564000,3177,61.866467,8.210940,443.550000,464.103093
cpu_bound,rr,995,1000,20,1,1,0.050000,0.300000,482.143000,3167,62.601216,9.431198,480.421927,488.912892
cpu_bound,rr,996,1000,20,1,1,0.050000,0.300000,628.004000,3174,41.391901,12.007723,601.359431,661.186441
cpu_bound,rr,997,1000,20,1,1,0.050000,0.300000,551.895000,3196,58.296870,10.487013,524.578397,604.958730
cpu_bound,rr,998,1000,20,1,1,0.050000,0.300000,222.131000,3060,62.364601,4.355385,213.022364,223.746528
cpu_bound,rr,999,1000,20,1,1,0.050000,0.300000,265.136000,3053,57.437125,5.286447,252.901639,279.825175
